timestamp,station_id,temperature_c,pressure_hpa,humidity_pct,is_anomaly,fault_type,severity,anomaly_score_pct,suggested_temperature_c,suggested_pressure_hpa,suggested_humidity_pct,health_status,source
2026-09-11 14:15:37.683387+00:00,AWS-BHO-102,26.1,959.0,87.0,False,,low,0.0,,,,HEALTHY,live
2026-09-11 14:16:36.576033+00:00,AWS-BHO-102,26.1,959.0,87.0,False,,low,0.0,,,,HEALTHY,live
2026-09-11 14:32:59.646686+00:00,AWS-BHO-102,26.0,959.2,88.0,False,,low,0.0,,,,HEALTHY,live
2026-09-11 14:36:32.128972+00:00,AWS-BHO-102,26.0,959.2,88.0,False,,low,0.0,,,,HEALTHY,live
2026-09-11 14:50:02.101281+00:00,AWS-BHO-102,25.9,959.3,90.0,False,,low,0.0,,,,HEALTHY,live
2026-09-11 14:57:15.559343+00:00,AWS-BHO-102,25.9,959.3,90.0,False,,low,0.0,,,,HEALTHY,live
2026-09-11 15:02:17.682691+00:00,AWS-BHO-102,25.7,959.4,91.0,False,,low,0.0,,,,HEALTHY,live
2026-09-11 15:06:54.515310+00:00,AWS-BHO-102,25.7,959.4,91.0,False,,low,0.0,,,,HEALTHY,live
2025-01-01T00:00:00,AWS-BHO-102,11.7,968.3,98.0,False,,low,0.0,,,,HEALTHY,replay
2025-01-01T01:00:00,AWS-BHO-102,11.3,967.9,98.0,False,,low,0.0,,,,HEALTHY,replay
2025-01-01T02:00:00,AWS-BHO-102,10.9,967.3,98.0,False,,low,0.0,,,,HEALTHY,replay
2025-01-01T03:00:00,AWS-BHO-102,10.5,966.9,99.0,False,,low,0.0,,,,HEALTHY,replay
2025-01-01T04:00:00,AWS-BHO-102,10.1,966.7,99.0,False,,low,0.0,,,,HEALTHY,replay
2025-01-01T05:00:00,AWS-BHO-102,9.6,966.8,100.0,False,,low,0.0,,,,HEALTHY,replay
2025-01-01T06:00:00,AWS-BHO-102,9.2,967.7,100.0,False,,low,0.0,10.68,967.32,98.67,HEALTHY,replay
2025-01-01T07:00:00,AWS-BHO-102,9.4,968.5,100.0,False,,low,0.0,10.47,967.37,98.86,HEALTHY,replay
2025-01-01T08:00:00,AWS-BHO-102,10.7,969.8,97.0,False,,low,0.0,10.34,967.51,99.0,HEALTHY,replay
2025-01-01T09:00:00,AWS-BHO-102,13.0,970.7,91.0,False,,low,0.0,10.38,967.77,98.78,HEALTHY,replay
2025-01-01T10:00:00,AWS-BHO-102,15.4,970.6,84.0,False,,low,0.0,10.64,968.06,98.0,HEALTHY,replay
2025-01-01T11:00:00,AWS-BHO-102,17.5,970.2,77.0,False,,low,0.0,11.07,968.29,96.73,HEALTHY,replay
2025-01-01T12:00:00,AWS-BHO-102,19.0,969.2,70.0,False,,low,0.0,11.61,968.45,95.08,HEALTHY,replay
2025-01-01T13:00:00,AWS-BHO-102,19.9,968.1,64.0,False,,low,0.0,12.18,968.51,93.15,HEALTHY,replay
2025-01-01T14:00:00,AWS-BHO-102,20.3,967.3,59.0,True,drift,critical,95.0,12.73,968.48,91.07,HEALTHY,replay
2025-01-01T15:00:00,AWS-BHO-102,20.2,966.9,57.0,True,drift,critical,95.0,12.73,968.48,91.07,HEALTHY,replay
2025-01-01T16:00:00,AWS-BHO-102,19.3,966.9,63.0,False,,low,0.0,12.73,968.48,91.07,HEALTHY,replay
2025-01-01T17:00:00,AWS-BHO-102,16.5,966.3,77.0,False,,low,0.0,13.17,968.37,89.2,HEALTHY,replay
2025-01-01T18:00:00,AWS-BHO-102,13.9,966.6,85.0,False,,low,0.0,13.38,968.24,88.44,HEALTHY,replay
2025-01-01T19:00:00,AWS-BHO-102,13.2,967.1,87.0,False,,low,0.0,13.41,968.15,88.24,HEALTHY,replay
2025-01-01T20:00:00,AWS-BHO-102,12.5,967.8,89.0,False,,low,0.0,13.39,968.09,88.17,HEALTHY,replay
2025-01-01T21:00:00,AWS-BHO-102,11.5,968.0,91.0,False,,low,0.0,13.35,968.07,88.21,HEALTHY,replay
2025-01-01T22:00:00,AWS-BHO-102,10.7,968.2,93.0,False,,low,0.0,13.26,968.07,88.35,HEALTHY,replay
2025-01-01T23:00:00,AWS-BHO-102,10.1,968.0,95.0,False,,low,0.0,13.13,968.08,88.57,HEALTHY,replay
2025-01-02T00:00:00,AWS-BHO-102,9.6,967.4,96.0,False,,low,0.0,13.0,968.07,88.86,HEALTHY,replay
2025-01-02T01:00:00,AWS-BHO-102,9.1,966.8,97.0,False,,low,0.0,12.85,968.04,89.17,HEALTHY,replay
2025-01-02T02:00:00,AWS-BHO-102,8.3,966.1,98.0,False,,low,0.0,12.69,967.99,89.5,HEALTHY,replay
2025-01-02T03:00:00,AWS-BHO-102,7.7,965.7,98.0,False,,low,0.0,12.52,967.92,89.84,HEALTHY,replay
2025-01-02T04:00:00,AWS-BHO-102,7.4,965.8,98.0,False,,low,0.0,12.33,967.83,90.15,HEALTHY,replay
2025-01-02T05:00:00,AWS-BHO-102,7.2,966.3,98.0,False,,low,0.0,12.15,967.76,90.44,HEALTHY,replay
2025-01-02T06:00:00,AWS-BHO-102,6.8,967.1,100.0,False,,low,0.0,11.97,967.7,90.71,HEALTHY,replay
2025-01-02T07:00:00,AWS-BHO-102,7.1,967.7,100.0,False,,low,0.0,11.79,967.68,91.03,HEALTHY,replay
2025-01-02T08:00:00,AWS-BHO-102,9.8,969.1,94.0,False,,low,0.0,11.64,967.68,91.33,HEALTHY,replay
2025-01-02T09:00:00,AWS-BHO-102,13.5,970.0,84.0,False,,low,0.0,11.58,967.73,91.42,HEALTHY,replay
2025-01-02T10:00:00,AWS-BHO-102,16.6,970.6,71.0,False,,low,0.0,11.64,967.8,91.19,HEALTHY,replay
2025-01-02T11:00:00,AWS-BHO-102,18.9,970.0,61.0,False,,low,0.0,11.79,967.88,90.58,HEALTHY,replay
2025-01-02T12:00:00,AWS-BHO-102,20.5,969.2,54.0,False,,low,0.0,12.0,967.95,89.71,HEALTHY,replay
2025-01-02T13:00:00,AWS-BHO-102,21.5,968.1,52.0,False,,low,0.0,12.24,967.98,88.69,HEALTHY,replay
2025-01-02T14:00:00,AWS-BHO-102,22.0,967.5,53.0,False,,low,0.0,12.5,967.99,87.67,HEALTHY,replay
2025-01-02T15:00:00,AWS-BHO-102,21.9,967.4,54.0,False,,low,0.0,12.75,967.97,86.73,HEALTHY,replay
2025-01-02T16:00:00,AWS-BHO-102,21.0,967.1,67.0,False,,low,0.0,12.99,967.96,85.87,HEALTHY,replay
2025-01-02T17:00:00,AWS-BHO-102,18.3,967.0,74.0,False,,low,0.0,13.2,967.94,85.38,HEALTHY,replay
2025-01-02T18:00:00,AWS-BHO-102,16.5,967.5,81.0,False,,low,0.0,13.33,967.91,85.1,HEALTHY,replay
2025-01-02T19:00:00,AWS-BHO-102,15.3,968.1,83.0,False,,low,0.0,13.4,967.9,85.0,HEALTHY,replay
2025-01-02T20:00:00,AWS-BHO-102,14.0,968.6,87.0,False,,low,0.0,13.45,967.91,84.95,HEALTHY,replay
2025-01-02T21:00:00,AWS-BHO-102,13.0,968.4,89.0,False,,low,0.0,13.46,967.92,85.0,HEALTHY,replay
2025-01-02T22:00:00,AWS-BHO-102,12.2,968.3,90.0,False,,low,0.0,13.45,967.93,85.09,HEALTHY,replay
2025-01-02T23:00:00,AWS-BHO-102,11.2,967.7,92.0,False,,low,0.0,13.42,967.94,85.2,HEALTHY,replay
2025-01-03T00:00:00,AWS-BHO-102,10.7,967.0,91.0,False,,low,0.0,13.38,967.94,85.35,HEALTHY,replay
2025-01-03T01:00:00,AWS-BHO-102,10.3,966.5,90.0,False,,low,0.0,13.32,967.92,85.47,HEALTHY,replay
2025-01-03T02:00:00,AWS-BHO-102,10.1,966.3,89.0,False,,low,0.0,13.26,967.89,85.56,HEALTHY,replay
2025-01-03T03:00:00,AWS-BHO-102,9.9,966.1,88.0,False,,low,0.0,13.22,967.85,85.38,HEALTHY,replay
2025-01-03T04:00:00,AWS-BHO-102,9.9,966.0,86.0,False,,low,0.0,13.19,967.81,85.17,HEALTHY,replay
2025-01-03T05:00:00,AWS-BHO-102,9.6,966.2,86.0,False,,low,0.0,13.17,967.78,84.92,HEALTHY,replay
2025-01-03T06:00:00,AWS-BHO-102,9.4,967.3,87.0,False,,low,0.0,13.15,967.77,84.65,HEALTHY,replay
2025-01-03T07:00:00,AWS-BHO-102,9.4,967.9,89.0,False,,low,11.8,13.14,967.78,84.4,HEALTHY,replay
2025-01-03T08:00:00,AWS-BHO-102,11.7,969.1,87.0,False,,low,38.0,13.14,967.8,84.17,HEALTHY,replay
2025-01-03T09:00:00,AWS-BHO-102,15.0,970.1,78.0,False,,low,40.0,13.19,967.83,83.9,HEALTHY,replay
2025-01-03T10:00:00,AWS-BHO-102,18.0,970.7,70.0,False,,low,42.6,13.3,967.86,83.44,HEALTHY,replay
2025-01-03T11:00:00,AWS-BHO-102,20.5,970.2,61.0,False,,low,44.2,13.46,967.88,82.88,HEALTHY,replay
2025-01-03T12:00:00,AWS-BHO-102,22.1,969.4,55.0,False,,low,37.0,13.61,967.87,82.25,HEALTHY,replay
2025-01-03T13:00:00,AWS-BHO-102,23.0,968.3,51.0,False,,low,30.3,13.75,967.85,81.65,HEALTHY,replay
2025-01-03T14:00:00,AWS-BHO-102,23.4,967.5,49.0,False,,low,16.5,13.87,967.81,81.1,HEALTHY,replay
2025-01-03T15:00:00,AWS-BHO-102,23.3,967.2,50.0,False,,low,21.2,13.96,967.77,80.67,HEALTHY,replay
2025-01-03T16:00:00,AWS-BHO-102,22.5,966.9,60.0,False,,low,22.0,14.03,967.75,80.38,HEALTHY,replay
2025-01-03T17:00:00,AWS-BHO-102,19.3,966.6,69.0,False,,low,46.0,14.1,967.75,80.31,HEALTHY,replay
2025-01-03T18:00:00,AWS-BHO-102,17.1,966.8,79.0,False,,medium,55.3,14.15,967.76,80.15,HEALTHY,replay
2025-01-03T19:00:00,AWS-BHO-102,15.9,967.3,82.0,False,,low,47.4,14.22,967.76,80.02,HEALTHY,replay
2025-01-03T20:00:00,AWS-BHO-102,14.6,967.5,85.0,False,,low,29.8,14.28,967.77,79.92,HEALTHY,replay
2025-01-03T21:00:00,AWS-BHO-102,13.7,967.4,86.0,False,,low,12.2,14.32,967.76,79.83,HEALTHY,replay
2025-01-03T22:00:00,AWS-BHO-102,13.0,967.3,87.0,False,,low,11.3,14.37,967.75,79.73,HEALTHY,replay
2026-09-11T15:30:05.981025+00:00,AWS-BHO-102,25.6,959.6,92.0,False,,low,0.0,,,,HEALTHY,live
2025-01-01T00:00:00,AWS-BHO-102,11.7,968.3,98.0,False,,low,0.0,,,,HEALTHY,replay
2025-01-01T01:00:00,AWS-BHO-102,11.3,967.9,98.0,False,,low,0.0,,,,HEALTHY,replay
2025-01-01T02:00:00,AWS-BHO-102,10.9,967.3,98.0,False,,low,0.0,,,,HEALTHY,replay
2025-01-01T03:00:00,AWS-BHO-102,10.5,966.9,99.0,False,,low,0.0,,,,HEALTHY,replay
2025-01-01T04:00:00,AWS-BHO-102,10.1,966.7,99.0,False,,low,0.0,,,,HEALTHY,replay
2025-01-01T05:00:00,AWS-BHO-102,9.6,966.8,100.0,False,,low,0.0,,,,HEALTHY,replay
2025-01-01T06:00:00,AWS-BHO-102,9.2,967.7,100.0,False,,low,0.0,10.68,967.32,98.67,HEALTHY,replay
2025-01-01T07:00:00,AWS-BHO-102,9.4,968.5,100.0,False,,low,0.0,10.47,967.37,98.86,HEALTHY,replay
2025-01-01T08:00:00,AWS-BHO-102,10.7,969.8,97.0,False,,low,0.0,10.34,967.51,99.0,HEALTHY,replay
2025-01-01T09:00:00,AWS-BHO-102,13.0,970.7,91.0,False,,low,0.0,10.38,967.77,98.78,HEALTHY,replay
2025-01-01T10:00:00,AWS-BHO-102,15.4,970.6,84.0,False,,low,0.0,10.64,968.06,98.0,HEALTHY,replay
2025-01-01T11:00:00,AWS-BHO-102,17.5,970.2,77.0,False,,low,0.0,11.07,968.29,96.73,HEALTHY,replay
2025-01-01T12:00:00,AWS-BHO-102,19.0,969.2,70.0,False,,low,0.0,11.61,968.45,95.08,HEALTHY,replay
2025-01-01T13:00:00,AWS-BHO-102,19.9,968.1,64.0,False,,low,0.0,12.18,968.51,93.15,HEALTHY,replay
2025-01-01T14:00:00,AWS-BHO-102,20.3,967.3,59.0,True,drift,critical,95.0,12.73,968.48,91.07,HEALTHY,replay
2025-01-01T15:00:00,AWS-BHO-102,20.2,966.9,57.0,True,drift,critical,95.0,12.73,968.48,91.07,HEALTHY,replay
2025-01-01T16:00:00,AWS-BHO-102,19.3,966.9,63.0,False,,low,0.0,12.73,968.48,91.07,HEALTHY,replay
2025-01-01T17:00:00,AWS-BHO-102,16.5,966.3,77.0,False,,low,0.0,13.17,968.37,89.2,HEALTHY,replay
2025-01-01T18:00:00,AWS-BHO-102,13.9,966.6,85.0,False,,low,0.0,13.38,968.24,88.44,HEALTHY,replay
2025-01-01T19:00:00,AWS-BHO-102,13.2,967.1,87.0,False,,low,0.0,13.41,968.15,88.24,HEALTHY,replay
2025-01-01T20:00:00,AWS-BHO-102,12.5,967.8,89.0,False,,low,0.0,13.39,968.09,88.17,HEALTHY,replay
2025-01-01T21:00:00,AWS-BHO-102,11.5,968.0,91.0,False,,low,0.0,13.35,968.07,88.21,HEALTHY,replay
2025-01-01T22:00:00,AWS-BHO-102,10.7,968.2,93.0,False,,low,0.0,13.26,968.07,88.35,HEALTHY,replay
2025-01-01T23:00:00,AWS-BHO-102,10.1,968.0,95.0,False,,low,0.0,13.13,968.08,88.57,HEALTHY,replay
2025-01-02T00:00:00,AWS-BHO-102,9.6,967.4,96.0,False,,low,0.0,13.0,968.07,88.86,HEALTHY,replay
2025-01-02T01:00:00,AWS-BHO-102,9.1,966.8,97.0,False,,low,0.0,12.85,968.04,89.17,HEALTHY,replay
2025-01-02T02:00:00,AWS-BHO-102,8.3,966.1,98.0,False,,low,0.0,12.69,967.99,89.5,HEALTHY,replay
2025-01-02T03:00:00,AWS-BHO-102,7.7,965.7,98.0,False,,low,0.0,12.52,967.92,89.84,HEALTHY,replay
2025-01-02T04:00:00,AWS-BHO-102,7.4,965.8,98.0,False,,low,0.0,12.33,967.83,90.15,HEALTHY,replay
2025-01-02T05:00:00,AWS-BHO-102,7.2,966.3,98.0,False,,low,0.0,12.15,967.76,90.44,HEALTHY,replay
2025-01-02T06:00:00,AWS-BHO-102,6.8,967.1,100.0,False,,low,0.0,11.97,967.7,90.71,HEALTHY,replay
2025-01-02T07:00:00,AWS-BHO-102,7.1,967.7,100.0,False,,low,0.0,11.79,967.68,91.03,HEALTHY,replay
2025-01-02T08:00:00,AWS-BHO-102,9.8,969.1,94.0,False,,low,0.0,11.64,967.68,91.33,HEALTHY,replay
2025-01-02T09:00:00,AWS-BHO-102,13.5,970.0,84.0,False,,low,0.0,11.58,967.73,91.42,HEALTHY,replay
2025-01-02T10:00:00,AWS-BHO-102,16.6,970.6,71.0,False,,low,0.0,11.64,967.8,91.19,HEALTHY,replay
2025-01-02T11:00:00,AWS-BHO-102,18.9,970.0,61.0,False,,low,0.0,11.79,967.88,90.58,HEALTHY,replay
2025-01-02T12:00:00,AWS-BHO-102,20.5,969.2,54.0,False,,low,0.0,12.0,967.95,89.71,HEALTHY,replay
2025-01-02T13:00:00,AWS-BHO-102,21.5,968.1,52.0,False,,low,0.0,12.24,967.98,88.69,HEALTHY,replay
2025-01-02T14:00:00,AWS-BHO-102,22.0,967.5,53.0,False,,low,0.0,12.5,967.99,87.67,HEALTHY,replay
2025-01-02T15:00:00,AWS-BHO-102,21.9,967.4,54.0,False,,low,0.0,12.75,967.97,86.73,HEALTHY,replay
2025-01-02T16:00:00,AWS-BHO-102,21.0,967.1,67.0,False,,low,0.0,12.99,967.96,85.87,HEALTHY,replay
2025-01-02T17:00:00,AWS-BHO-102,18.3,967.0,74.0,False,,low,0.0,13.2,967.94,85.38,HEALTHY,replay
2025-01-02T18:00:00,AWS-BHO-102,16.5,967.5,81.0,False,,low,0.0,13.33,967.91,85.1,HEALTHY,replay
2025-01-02T19:00:00,AWS-BHO-102,15.3,968.1,83.0,False,,low,0.0,13.4,967.9,85.0,HEALTHY,replay
2025-01-02T20:00:00,AWS-BHO-102,14.0,968.6,87.0,False,,low,0.0,13.45,967.91,84.95,HEALTHY,replay
2025-01-02T21:00:00,AWS-BHO-102,13.0,968.4,89.0,False,,low,0.0,13.46,967.92,85.0,HEALTHY,replay
2025-01-02T22:00:00,AWS-BHO-102,12.2,968.3,90.0,False,,low,0.0,13.45,967.93,85.09,HEALTHY,replay
2025-01-02T23:00:00,AWS-BHO-102,11.2,967.7,92.0,False,,low,0.0,13.42,967.94,85.2,HEALTHY,replay
2025-01-03T00:00:00,AWS-BHO-102,10.7,967.0,91.0,False,,low,0.0,13.38,967.94,85.35,HEALTHY,replay
2025-01-03T01:00:00,AWS-BHO-102,10.3,966.5,90.0,False,,low,0.0,13.32,967.92,85.47,HEALTHY,replay
2025-01-03T02:00:00,AWS-BHO-102,10.1,966.3,89.0,False,,low,0.0,13.26,967.89,85.56,HEALTHY,replay
2025-01-03T03:00:00,AWS-BHO-102,9.9,966.1,88.0,False,,low,0.0,13.22,967.85,85.38,HEALTHY,replay
2025-01-03T04:00:00,AWS-BHO-102,9.9,966.0,86.0,False,,low,0.0,13.19,967.81,85.17,HEALTHY,replay
2025-01-03T05:00:00,AWS-BHO-102,9.6,966.2,86.0,False,,low,0.0,13.17,967.78,84.92,HEALTHY,replay
2025-01-03T06:00:00,AWS-BHO-102,9.4,967.3,87.0,False,,low,0.0,13.15,967.77,84.65,HEALTHY,replay
2025-01-03T07:00:00,AWS-BHO-102,9.4,967.9,89.0,False,,low,11.8,13.14,967.78,84.4,HEALTHY,replay
2025-01-03T08:00:00,AWS-BHO-102,11.7,969.1,87.0,False,,low,38.0,13.14,967.8,84.17,HEALTHY,replay
2025-01-03T09:00:00,AWS-BHO-102,15.0,970.1,78.0,False,,low,40.0,13.19,967.83,83.9,HEALTHY,replay
2025-01-03T10:00:00,AWS-BHO-102,18.0,970.7,70.0,False,,low,42.6,13.3,967.86,83.44,HEALTHY,replay
2025-01-03T11:00:00,AWS-BHO-102,20.5,970.2,61.0,False,,low,44.2,13.46,967.88,82.88,HEALTHY,replay
2025-01-03T12:00:00,AWS-BHO-102,22.1,969.4,55.0,False,,low,37.0,13.61,967.87,82.25,HEALTHY,replay
2025-01-03T13:00:00,AWS-BHO-102,23.0,968.3,51.0,False,,low,30.3,13.75,967.85,81.65,HEALTHY,replay
2025-01-03T14:00:00,AWS-BHO-102,23.4,967.5,49.0,False,,low,16.5,13.87,967.81,81.1,HEALTHY,replay
2025-01-01T00:00:00,AWS-BHO-102,11.7,968.3,98.0,False,,low,0.0,,,,HEALTHY,replay
2025-01-01T01:00:00,AWS-BHO-102,11.3,967.9,98.0,False,,low,0.0,,,,HEALTHY,replay
2025-01-01T02:00:00,AWS-BHO-102,10.9,967.3,98.0,False,,low,0.0,,,,HEALTHY,replay
2025-01-01T03:00:00,AWS-BHO-102,10.5,966.9,99.0,False,,low,0.0,,,,HEALTHY,replay
2025-01-01T04:00:00,AWS-BHO-102,10.1,966.7,99.0,False,,low,0.0,,,,HEALTHY,replay
2025-01-01T05:00:00,AWS-BHO-102,9.6,966.8,100.0,False,,low,0.0,,,,HEALTHY,replay
2025-01-01T06:00:00,AWS-BHO-102,9.2,967.7,100.0,False,,low,0.0,10.68,967.32,98.67,HEALTHY,replay
2025-01-01T07:00:00,AWS-BHO-102,9.4,968.5,100.0,False,,low,0.0,10.47,967.37,98.86,HEALTHY,replay
2025-01-01T08:00:00,AWS-BHO-102,10.7,969.8,97.0,False,,low,0.0,10.34,967.51,99.0,HEALTHY,replay
2025-01-01T09:00:00,AWS-BHO-102,13.0,970.7,91.0,False,,low,0.0,10.38,967.77,98.78,HEALTHY,replay
2025-01-01T10:00:00,AWS-BHO-102,15.4,970.6,84.0,False,,low,0.0,10.64,968.06,98.0,HEALTHY,replay
2025-01-01T11:00:00,AWS-BHO-102,17.5,970.2,77.0,False,,low,0.0,11.07,968.29,96.73,HEALTHY,replay
2025-01-01T12:00:00,AWS-BHO-102,19.0,969.2,70.0,False,,low,0.0,11.61,968.45,95.08,HEALTHY,replay
2025-01-01T13:00:00,AWS-BHO-102,19.9,968.1,64.0,False,,low,0.0,12.18,968.51,93.15,HEALTHY,replay
2025-01-01T14:00:00,AWS-BHO-102,20.3,967.3,59.0,True,drift,critical,95.0,12.73,968.48,91.07,HEALTHY,replay
2025-01-01T15:00:00,AWS-BHO-102,20.2,966.9,57.0,True,drift,critical,95.0,12.73,968.48,91.07,HEALTHY,replay
2025-01-01T16:00:00,AWS-BHO-102,19.3,966.9,63.0,False,,low,0.0,12.73,968.48,91.07,HEALTHY,replay
2025-01-01T17:00:00,AWS-BHO-102,16.5,966.3,77.0,False,,low,0.0,13.17,968.37,89.2,HEALTHY,replay
2025-01-01T18:00:00,AWS-BHO-102,13.9,966.6,85.0,False,,low,0.0,13.38,968.24,88.44,HEALTHY,replay
2025-01-01T19:00:00,AWS-BHO-102,13.2,967.1,87.0,False,,low,0.0,13.41,968.15,88.24,HEALTHY,replay
2025-01-01T20:00:00,AWS-BHO-102,12.5,967.8,89.0,False,,low,0.0,13.39,968.09,88.17,HEALTHY,replay
2025-01-01T21:00:00,AWS-BHO-102,11.5,968.0,91.0,False,,low,0.0,13.35,968.07,88.21,HEALTHY,replay
2025-01-01T22:00:00,AWS-BHO-102,10.7,968.2,93.0,False,,low,0.0,13.26,968.07,88.35,HEALTHY,replay
2025-01-01T23:00:00,AWS-BHO-102,10.1,968.0,95.0,False,,low,0.0,13.13,968.08,88.57,HEALTHY,replay
2025-01-02T00:00:00,AWS-BHO-102,9.6,967.4,96.0,False,,low,0.0,13.0,968.07,88.86,HEALTHY,replay
2025-01-02T01:00:00,AWS-BHO-102,9.1,966.8,97.0,False,,low,0.0,12.85,968.04,89.17,HEALTHY,replay
2025-01-02T02:00:00,AWS-BHO-102,8.3,966.1,98.0,False,,low,0.0,12.69,967.99,89.5,HEALTHY,replay
2025-01-02T03:00:00,AWS-BHO-102,7.7,965.7,98.0,False,,low,0.0,12.52,967.92,89.84,HEALTHY,replay
2025-01-02T04:00:00,AWS-BHO-102,7.4,965.8,98.0,False,,low,0.0,12.33,967.83,90.15,HEALTHY,replay
2025-01-02T05:00:00,AWS-BHO-102,7.2,966.3,98.0,False,,low,0.0,12.15,967.76,90.44,HEALTHY,replay
2025-01-02T06:00:00,AWS-BHO-102,6.8,967.1,100.0,False,,low,0.0,11.97,967.7,90.71,HEALTHY,replay
2025-01-02T07:00:00,AWS-BHO-102,7.1,967.7,100.0,False,,low,0.0,11.79,967.68,91.03,HEALTHY,replay
2025-01-02T08:00:00,AWS-BHO-102,9.8,969.1,94.0,False,,low,0.0,11.64,967.68,91.33,HEALTHY,replay
2025-01-02T09:00:00,AWS-BHO-102,13.5,970.0,84.0,False,,low,0.0,11.58,967.73,91.42,HEALTHY,replay
2025-01-02T10:00:00,AWS-BHO-102,16.6,970.6,71.0,False,,low,0.0,11.64,967.8,91.19,HEALTHY,replay
2025-01-02T11:00:00,AWS-BHO-102,18.9,970.0,61.0,False,,low,0.0,11.79,967.88,90.58,HEALTHY,replay
2025-01-02T12:00:00,AWS-BHO-102,20.5,969.2,54.0,False,,low,0.0,12.0,967.95,89.71,HEALTHY,replay
2026-09-11T15:45:00+00:00,AWS-BHO-102,25.5,959.7,93.0,False,,low,0.0,,,,HEALTHY,live
2026-09-11T16:30:00+00:00,AWS-BHO-102,25.1,959.9,94.0,False,,low,0.0,,,,HEALTHY,live
2026-09-11T16:45:00+00:00,AWS-BHO-102,25.0,959.9,94.0,False,,low,0.0,,,,HEALTHY,live
2026-09-11T17:00:00+00:00,AWS-BHO-102,24.8,959.9,94.0,False,,low,0.0,,,,HEALTHY,live
2025-01-03T23:00:00,AWS-BHO-102,12.4,966.9,88.0,False,,low,9.6,14.41,967.73,79.6,HEALTHY,replay
2025-01-04T00:00:00,AWS-BHO-102,12.0,966.4,90.0,False,,low,5.1,14.46,967.71,79.46,HEALTHY,replay
2025-01-04T01:00:00,AWS-BHO-102,11.6,965.7,91.0,False,,low,8.4,14.51,967.69,79.33,HEALTHY,replay
2025-01-04T02:00:00,AWS-BHO-102,10.9,965.0,94.0,False,,low,20.8,14.56,967.66,79.21,HEALTHY,replay
2025-01-04T03:00:00,AWS-BHO-102,10.1,964.5,96.0,False,,low,23.2,14.62,967.64,79.12,HEALTHY,replay
2025-01-04T04:00:00,AWS-BHO-102,9.3,964.1,100.0,False,,low,46.1,14.67,967.62,79.08,HEALTHY,replay
2025-01-04T05:00:00,AWS-BHO-102,8.8,964.2,100.0,False,,low,23.4,14.71,967.58,79.12,HEALTHY,replay
2025-01-04T06:00:00,AWS-BHO-102,8.8,965.0,100.0,False,,low,25.3,14.74,967.54,79.17,HEALTHY,replay
2025-01-04T07:00:00,AWS-BHO-102,8.7,965.8,100.0,False,,low,28.2,14.78,967.49,79.17,HEALTHY,replay
2025-01-04T08:00:00,AWS-BHO-102,10.5,967.1,98.0,False,,low,45.8,14.82,967.45,79.17,HEALTHY,replay
2025-01-04T09:00:00,AWS-BHO-102,15.1,968.3,80.0,False,,low,53.0,14.83,967.41,79.25,HEALTHY,replay
2025-01-04T10:00:00,AWS-BHO-102,19.0,969.0,66.0,False,,low,54.3,14.86,967.38,79.17,HEALTHY,replay
2025-01-04T11:00:00,AWS-BHO-102,21.7,968.7,50.0,False,,medium,55.2,14.91,967.34,79.06,HEALTHY,replay
2025-01-04T12:00:00,AWS-BHO-102,23.0,967.6,45.0,False,,low,38.7,14.97,967.32,78.83,HEALTHY,replay
2025-01-04T13:00:00,AWS-BHO-102,23.7,966.6,45.0,False,,low,27.4,15.03,967.28,78.65,HEALTHY,replay
2025-01-04T14:00:00,AWS-BHO-102,24.0,965.6,46.0,False,,low,26.1,15.07,967.25,78.5,HEALTHY,replay
2025-01-04T15:00:00,AWS-BHO-102,23.8,965.1,48.0,False,,low,12.5,15.11,967.21,78.35,HEALTHY,replay
2025-01-04T16:00:00,AWS-BHO-102,22.8,964.7,67.0,False,,low,35.0,15.15,967.16,78.23,HEALTHY,replay
2025-01-04T17:00:00,AWS-BHO-102,20.0,964.4,70.0,False,,low,33.6,15.19,967.11,78.23,HEALTHY,replay
2025-01-04T18:00:00,AWS-BHO-102,17.1,964.9,81.0,False,,medium,56.8,15.23,967.06,78.15,HEALTHY,replay
2025-01-04T19:00:00,AWS-BHO-102,16.0,965.4,82.0,False,,low,28.1,15.24,967.01,78.15,HEALTHY,replay
2025-01-04T20:00:00,AWS-BHO-102,14.7,965.9,86.0,False,,low,38.6,15.25,966.95,78.12,HEALTHY,replay
2025-01-04T21:00:00,AWS-BHO-102,13.4,965.8,89.0,False,,low,19.9,15.27,966.89,78.1,HEALTHY,replay
2025-01-04T22:00:00,AWS-BHO-102,12.9,965.8,91.0,False,,low,6.4,15.28,966.84,78.1,HEALTHY,replay
2025-01-04T23:00:00,AWS-BHO-102,12.5,965.3,92.0,False,,low,5.4,15.29,966.79,78.12,HEALTHY,replay
2025-01-05T00:00:00,AWS-BHO-102,12.1,964.7,92.0,False,,low,8.4,15.32,966.74,78.12,HEALTHY,replay
2025-01-05T01:00:00,AWS-BHO-102,11.2,964.2,94.0,False,,low,15.4,15.35,966.69,78.15,HEALTHY,replay
2025-01-05T02:00:00,AWS-BHO-102,10.1,963.5,95.0,False,,low,25.4,15.36,966.64,78.23,HEALTHY,replay
2025-01-05T03:00:00,AWS-BHO-102,9.0,963.1,97.0,False,,low,30.2,15.36,966.58,78.35,HEALTHY,replay
2025-01-05T04:00:00,AWS-BHO-102,8.4,963.0,98.0,False,,low,24.5,15.35,966.52,78.54,HEALTHY,replay
2025-01-05T05:00:00,AWS-BHO-102,8.3,963.2,99.0,False,,low,16.2,15.31,966.46,78.79,HEALTHY,replay
2025-01-05T06:00:00,AWS-BHO-102,7.9,963.9,100.0,False,,low,25.4,15.29,966.4,79.06,HEALTHY,replay
2025-01-05T07:00:00,AWS-BHO-102,7.9,964.4,100.0,False,,low,21.3,15.26,966.32,79.33,HEALTHY,replay
2025-01-05T08:00:00,AWS-BHO-102,10.5,965.7,98.0,False,,low,46.2,15.22,966.25,79.56,HEALTHY,replay
2025-01-05T09:00:00,AWS-BHO-102,15.8,967.3,75.0,False,,medium,57.8,15.2,966.18,79.79,HEALTHY,replay
2025-01-05T10:00:00,AWS-BHO-102,18.5,967.6,67.0,False,,low,52.7,15.22,966.12,79.73,HEALTHY,replay
2025-01-05T11:00:00,AWS-BHO-102,21.3,967.1,60.0,False,,low,47.0,15.23,966.06,79.67,HEALTHY,replay
2025-01-05T12:00:00,AWS-BHO-102,22.1,966.4,60.0,False,,low,11.6,15.24,965.99,79.65,HEALTHY,replay
2025-01-05T13:00:00,AWS-BHO-102,22.2,965.3,59.0,False,,low,8.5,15.24,965.93,79.75,HEALTHY,replay
2025-01-05T14:00:00,AWS-BHO-102,22.4,964.6,59.0,False,,low,9.5,15.23,965.87,79.92,HEALTHY,replay
2025-01-05T15:00:00,AWS-BHO-102,21.8,964.2,65.0,False,,low,10.2,15.21,965.81,80.12,HEALTHY,replay
2025-01-05T16:00:00,AWS-BHO-102,20.4,963.5,77.0,False,,low,45.2,15.18,965.75,80.44,HEALTHY,replay
2025-01-05T17:00:00,AWS-BHO-102,19.2,963.6,78.0,False,,low,24.1,15.13,965.67,80.79,HEALTHY,replay
2025-01-05T18:00:00,AWS-BHO-102,18.4,964.2,84.0,False,,low,26.2,15.13,965.61,80.98,HEALTHY,replay
2025-01-05T19:00:00,AWS-BHO-102,17.3,964.7,87.0,False,,low,14.5,15.16,965.56,81.08,HEALTHY,replay
2025-01-05T20:00:00,AWS-BHO-102,15.6,964.8,93.0,False,,low,23.1,15.19,965.5,81.19,HEALTHY,replay
2025-01-05T21:00:00,AWS-BHO-102,14.9,965.1,91.0,False,,low,14.4,15.21,965.45,81.35,HEALTHY,replay
2025-01-05T22:00:00,AWS-BHO-102,13.8,964.7,90.0,False,,low,19.2,15.23,965.4,81.46,HEALTHY,replay
2025-01-05T23:00:00,AWS-BHO-102,12.5,964.2,88.0,False,,low,13.4,15.25,965.35,81.52,HEALTHY,replay
2025-01-06T00:00:00,AWS-BHO-102,11.9,963.8,86.0,False,,low,11.6,15.25,965.29,81.52,HEALTHY,replay
2025-01-06T01:00:00,AWS-BHO-102,11.9,963.4,83.0,False,,low,12.5,15.25,965.24,81.44,HEALTHY,replay
2025-01-06T02:00:00,AWS-BHO-102,11.3,963.0,83.0,False,,low,9.4,15.25,965.19,81.27,HEALTHY,replay
2025-01-06T03:00:00,AWS-BHO-102,10.9,962.5,83.0,False,,low,8.9,15.26,965.15,81.04,HEALTHY,replay
2025-01-06T04:00:00,AWS-BHO-102,10.2,962.5,84.0,False,,low,10.8,15.28,965.1,80.77,HEALTHY,replay
2025-01-06T05:00:00,AWS-BHO-102,10.1,962.7,84.0,False,,low,7.8,15.3,965.07,80.44,HEALTHY,replay
2025-01-06T06:00:00,AWS-BHO-102,11.4,963.8,81.0,False,,low,17.8,15.33,965.04,80.1,HEALTHY,replay
2025-01-06T07:00:00,AWS-BHO-102,11.6,964.4,82.0,False,,low,10.0,15.38,965.01,79.71,HEALTHY,replay
2025-01-06T08:00:00,AWS-BHO-102,13.7,965.6,80.0,False,,low,33.0,15.44,964.99,79.33,HEALTHY,replay
2025-01-06T09:00:00,AWS-BHO-102,16.8,966.7,72.0,False,,low,34.9,15.51,964.95,78.96,HEALTHY,replay
2025-01-06T10:00:00,AWS-BHO-102,19.9,967.1,67.0,False,,low,30.0,15.54,964.92,78.79,HEALTHY,replay
2025-01-06T11:00:00,AWS-BHO-102,22.5,966.7,61.0,False,,low,27.4,15.56,964.88,78.81,HEALTHY,replay
2025-01-06T12:00:00,AWS-BHO-102,24.2,965.7,53.0,False,,low,31.6,15.58,964.84,79.04,HEALTHY,replay
2025-01-06T13:00:00,AWS-BHO-102,25.0,964.8,49.0,False,,low,23.4,15.6,964.8,79.21,HEALTHY,replay
2025-01-06T14:00:00,AWS-BHO-102,25.3,964.4,48.0,False,,low,34.2,15.63,964.76,79.29,HEALTHY,replay
2025-01-06T15:00:00,AWS-BHO-102,25.2,964.1,49.0,False,,low,28.2,15.66,964.74,79.33,HEALTHY,replay
2025-01-06T16:00:00,AWS-BHO-102,24.1,963.7,60.0,False,,low,38.4,15.69,964.72,79.35,HEALTHY,replay
2025-01-06T17:00:00,AWS-BHO-102,21.1,963.5,73.0,False,,medium,56.3,15.71,964.7,79.21,HEALTHY,replay
2025-01-06T18:00:00,AWS-BHO-102,19.0,964.3,85.0,False,,medium,58.4,15.74,964.68,79.27,HEALTHY,replay
2025-01-06T19:00:00,AWS-BHO-102,17.9,964.9,88.0,False,,medium,56.8,15.78,964.66,79.35,HEALTHY,replay
2025-01-06T20:00:00,AWS-BHO-102,17.0,965.6,84.0,False,,low,46.1,15.81,964.65,79.48,HEALTHY,replay
2025-01-06T21:00:00,AWS-BHO-102,16.0,966.2,85.0,False,,low,33.2,15.86,964.65,79.44,HEALTHY,replay
2025-01-06T22:00:00,AWS-BHO-102,14.9,966.7,89.0,False,,low,33.9,15.92,964.66,79.35,HEALTHY,replay
2025-01-06T23:00:00,AWS-BHO-102,14.0,966.7,95.0,False,,low,29.6,15.96,964.68,79.31,HEALTHY,replay
2025-01-07T00:00:00,AWS-BHO-102,13.3,966.7,97.0,False,,low,16.5,15.99,964.7,79.38,HEALTHY,replay
2025-01-07T01:00:00,AWS-BHO-102,12.7,966.7,97.0,False,,low,12.3,16.01,964.75,79.48,HEALTHY,replay
2025-01-07T02:00:00,AWS-BHO-102,12.1,966.7,97.0,False,,low,9.3,16.05,964.8,79.54,HEALTHY,replay
2025-01-07T03:00:00,AWS-BHO-102,11.5,966.6,97.0,False,,low,9.8,16.09,964.86,79.58,HEALTHY,replay
2025-01-07T04:00:00,AWS-BHO-102,11.1,966.7,98.0,False,,low,13.5,16.14,964.94,79.58,HEALTHY,replay
2025-01-07T05:00:00,AWS-BHO-102,11.0,967.2,99.0,False,,low,16.3,16.2,965.01,79.58,HEALTHY,replay
2025-01-07T06:00:00,AWS-BHO-102,9.9,968.1,99.0,False,,low,38.1,16.25,965.1,79.58,HEALTHY,replay
2025-01-07T07:00:00,AWS-BHO-102,9.8,968.9,100.0,False,,low,34.3,16.29,965.19,79.56,HEALTHY,replay
2025-01-07T08:00:00,AWS-BHO-102,10.3,970.0,97.0,False,,low,47.1,16.33,965.28,79.56,HEALTHY,replay
2025-01-07T09:00:00,AWS-BHO-102,12.3,970.8,86.0,False,,low,53.0,16.33,965.37,79.54,HEALTHY,replay
2025-01-07T10:00:00,AWS-BHO-102,14.6,970.7,80.0,False,,low,48.2,16.26,965.44,79.77,HEALTHY,replay
2025-01-07T11:00:00,AWS-BHO-102,16.5,969.9,75.0,False,,low,39.3,16.18,965.51,80.04,HEALTHY,replay
2025-01-07T12:00:00,AWS-BHO-102,18.2,968.6,70.0,False,,low,39.9,16.07,965.56,80.35,HEALTHY,replay
2025-01-07T13:00:00,AWS-BHO-102,19.3,967.4,63.0,False,,low,45.0,15.99,965.61,80.56,HEALTHY,replay
2025-01-07T14:00:00,AWS-BHO-102,19.9,966.5,56.0,False,,low,46.7,15.93,965.65,80.65,HEALTHY,replay
2025-01-07T15:00:00,AWS-BHO-102,19.8,966.0,56.0,False,,low,25.2,15.88,965.69,80.58,HEALTHY,replay
2025-01-07T16:00:00,AWS-BHO-102,19.2,965.8,61.0,False,,low,13.4,15.84,965.73,80.4,HEALTHY,replay
2025-01-07T17:00:00,AWS-BHO-102,16.8,965.4,76.0,False,,low,41.3,15.81,965.78,80.06,HEALTHY,replay
2025-01-07T18:00:00,AWS-BHO-102,14.7,965.9,86.0,False,,low,52.6,15.76,965.82,80.02,HEALTHY,replay
2025-01-07T19:00:00,AWS-BHO-102,13.9,966.2,87.0,False,,low,27.6,15.69,965.85,80.06,HEALTHY,replay
2025-01-07T20:00:00,AWS-BHO-102,12.6,966.8,92.0,False,,low,24.2,15.62,965.88,80.06,HEALTHY,replay
2025-01-07T21:00:00,AWS-BHO-102,12.0,967.3,93.0,False,,low,11.4,15.55,965.92,80.04,HEALTHY,replay
2025-01-07T22:00:00,AWS-BHO-102,10.7,967.3,91.0,False,,low,18.7,15.49,965.97,80.08,HEALTHY,replay
2025-01-07T23:00:00,AWS-BHO-102,10.1,966.7,92.0,False,,low,8.9,15.43,966.03,80.1,HEALTHY,replay
2025-01-08T00:00:00,AWS-BHO-102,9.5,966.2,94.0,False,,low,11.5,15.38,966.08,80.19,HEALTHY,replay
2025-01-08T01:00:00,AWS-BHO-102,9.0,965.5,95.0,False,,low,12.0,15.33,966.13,80.35,HEALTHY,replay
2025-01-08T02:00:00,AWS-BHO-102,7.9,964.9,97.0,False,,low,29.6,15.27,966.17,80.6,HEALTHY,replay
2025-01-08T03:00:00,AWS-BHO-102,7.3,964.9,98.0,False,,low,22.2,15.2,966.21,80.9,HEALTHY,replay
2025-01-08T04:00:00,AWS-BHO-102,6.9,964.9,100.0,False,,low,23.5,15.12,966.26,81.21,HEALTHY,replay
2025-01-08T05:00:00,AWS-BHO-102,6.7,965.1,100.0,False,,low,18.1,15.05,966.31,81.54,HEALTHY,replay
2025-01-08T06:00:00,AWS-BHO-102,6.1,966.0,100.0,False,,low,31.4,14.98,966.36,81.88,HEALTHY,replay
2025-01-08T07:00:00,AWS-BHO-102,6.9,967.1,100.0,False,,low,30.7,14.87,966.41,82.27,HEALTHY,replay
2025-01-08T08:00:00,AWS-BHO-102,8.1,968.7,98.0,False,,low,54.2,14.77,966.46,82.65,HEALTHY,replay
2025-01-08T09:00:00,AWS-BHO-102,9.5,969.7,97.0,False,,low,52.3,14.66,966.53,83.02,HEALTHY,replay
2025-01-08T10:00:00,AWS-BHO-102,12.3,969.9,84.0,False,,low,50.7,14.51,966.59,83.54,HEALTHY,replay
2025-01-08T11:00:00,AWS-BHO-102,14.4,969.2,78.0,False,,low,25.2,14.35,966.65,83.9,HEALTHY,replay
2025-01-08T12:00:00,AWS-BHO-102,16.2,968.1,65.0,False,,low,38.8,14.18,966.7,84.25,HEALTHY,replay
2025-01-08T13:00:00,AWS-BHO-102,17.5,967.0,56.0,False,,low,29.5,14.01,966.75,84.5,HEALTHY,replay
2025-01-08T14:00:00,AWS-BHO-102,18.2,966.4,53.0,False,,low,24.9,13.86,966.8,84.65,HEALTHY,replay
2025-01-08T15:00:00,AWS-BHO-102,18.3,966.1,52.0,False,,low,13.8,13.71,966.84,84.75,HEALTHY,replay
2025-01-08T16:00:00,AWS-BHO-102,17.8,966.1,55.0,False,,low,15.7,13.56,966.88,84.81,HEALTHY,replay
2025-01-08T17:00:00,AWS-BHO-102,15.0,965.9,74.0,False,,low,50.0,13.43,966.93,84.71,HEALTHY,replay
2025-01-08T18:00:00,AWS-BHO-102,13.6,965.8,80.0,False,,low,41.4,13.31,966.98,84.73,HEALTHY,replay
2025-01-08T19:00:00,AWS-BHO-102,12.0,966.2,85.0,False,,low,49.8,13.19,967.01,84.62,HEALTHY,replay
2025-01-08T20:00:00,AWS-BHO-102,11.1,966.6,86.0,False,,low,17.1,13.07,967.04,84.56,HEALTHY,replay
2025-01-08T21:00:00,AWS-BHO-102,10.5,966.7,87.0,False,,low,12.1,12.95,967.06,84.6,HEALTHY,replay
2025-01-08T22:00:00,AWS-BHO-102,9.9,966.6,89.0,False,,low,6.6,12.83,967.07,84.65,HEALTHY,replay
2025-01-08T23:00:00,AWS-BHO-102,9.4,966.2,90.0,False,,low,10.9,12.73,967.07,84.65,HEALTHY,replay
2025-01-09T00:00:00,AWS-BHO-102,9.0,966.0,91.0,False,,low,12.1,12.63,967.06,84.54,HEALTHY,replay
2025-01-09T01:00:00,AWS-BHO-102,8.7,965.6,91.0,False,,low,15.1,12.54,967.04,84.42,HEALTHY,replay
2025-01-09T02:00:00,AWS-BHO-102,8.4,965.5,90.0,False,,low,19.6,12.46,967.02,84.29,HEALTHY,replay
2025-01-09T03:00:00,AWS-BHO-102,7.8,965.0,92.0,False,,low,13.7,12.38,966.99,84.15,HEALTHY,replay
2025-01-09T04:00:00,AWS-BHO-102,7.0,965.0,95.0,False,,low,18.1,12.31,966.96,84.04,HEALTHY,replay
2025-01-09T05:00:00,AWS-BHO-102,6.5,965.3,95.0,False,,low,11.2,12.22,966.92,83.98,HEALTHY,replay
2025-01-09T06:00:00,AWS-BHO-102,6.6,966.3,93.0,False,,low,23.2,12.13,966.89,83.9,HEALTHY,replay
2025-01-09T07:00:00,AWS-BHO-102,7.2,967.3,93.0,False,,low,23.6,12.06,966.85,83.77,HEALTHY,replay
2025-01-09T08:00:00,AWS-BHO-102,10.2,968.8,87.0,False,,low,52.0,12.0,966.81,83.62,HEALTHY,replay
2025-01-09T09:00:00,AWS-BHO-102,13.7,970.2,78.0,False,,low,52.8,12.0,966.79,83.42,HEALTHY,replay
2025-01-09T10:00:00,AWS-BHO-102,16.8,970.2,67.0,False,,low,52.6,12.03,966.78,83.25,HEALTHY,replay
2025-01-09T11:00:00,AWS-BHO-102,19.1,969.5,55.0,False,,low,50.8,12.08,966.77,82.98,HEALTHY,replay
2025-01-09T12:00:00,AWS-BHO-102,20.5,968.3,48.0,False,,low,49.1,12.13,966.76,82.56,HEALTHY,replay
2025-01-09T13:00:00,AWS-BHO-102,21.3,967.5,46.0,False,,low,28.6,12.18,966.75,82.1,HEALTHY,replay
2025-01-09T14:00:00,AWS-BHO-102,21.7,966.7,44.0,False,,low,19.7,12.22,966.75,81.75,HEALTHY,replay
2025-01-09T15:00:00,AWS-BHO-102,21.6,966.3,46.0,False,,low,24.9,12.26,966.76,81.5,HEALTHY,replay
2025-01-09T16:00:00,AWS-BHO-102,20.7,966.3,54.0,False,,low,29.8,12.3,966.76,81.29,HEALTHY,replay
2025-01-09T17:00:00,AWS-BHO-102,17.8,966.2,67.0,False,,low,49.7,12.33,966.77,81.15,HEALTHY,replay
2025-01-09T18:00:00,AWS-BHO-102,16.2,966.8,74.0,False,,low,52.4,12.35,966.79,80.96,HEALTHY,replay
2025-01-09T19:00:00,AWS-BHO-102,15.3,967.2,74.0,False,,low,49.1,12.38,966.81,80.71,HEALTHY,replay
2025-01-09T20:00:00,AWS-BHO-102,14.3,968.1,75.0,False,,low,43.3,12.41,966.83,80.44,HEALTHY,replay
2025-01-09T21:00:00,AWS-BHO-102,12.9,968.7,81.0,False,,low,40.2,12.44,966.86,80.08,HEALTHY,replay
2025-01-09T22:00:00,AWS-BHO-102,11.5,968.8,87.0,False,,low,26.9,12.46,966.89,79.83,HEALTHY,replay
2025-01-09T23:00:00,AWS-BHO-102,10.6,968.5,87.0,False,,low,13.4,12.48,966.92,79.75,HEALTHY,replay
2025-01-10T00:00:00,AWS-BHO-102,9.9,968.2,87.0,False,,low,8.5,12.49,966.96,79.65,HEALTHY,replay
2025-01-10T01:00:00,AWS-BHO-102,9.2,967.7,87.0,False,,low,9.4,12.5,967.0,79.5,HEALTHY,replay
2025-01-10T02:00:00,AWS-BHO-102,9.1,967.3,86.0,False,,low,9.3,12.5,967.04,79.33,HEALTHY,replay
2025-01-10T03:00:00,AWS-BHO-102,8.8,967.0,86.0,False,,low,7.4,12.53,967.09,79.1,HEALTHY,replay
2025-01-10T04:00:00,AWS-BHO-102,8.5,966.7,87.0,False,,low,7.6,12.56,967.14,78.85,HEALTHY,replay
2025-01-10T05:00:00,AWS-BHO-102,8.3,967.0,87.0,False,,low,6.5,12.59,967.18,78.58,HEALTHY,replay
2025-01-10T06:00:00,AWS-BHO-102,8.3,967.9,85.0,False,,low,16.7,12.62,967.21,78.31,HEALTHY,replay
2025-01-10T07:00:00,AWS-BHO-102,7.8,968.6,91.0,False,,low,24.0,12.67,967.25,78.0,HEALTHY,replay
2025-01-10T08:00:00,AWS-BHO-102,10.6,970.1,82.0,False,,low,48.3,12.69,967.29,77.81,HEALTHY,replay
2025-01-10T09:00:00,AWS-BHO-102,14.0,971.2,72.0,False,,low,44.3,12.74,967.31,77.48,HEALTHY,replay
2025-01-10T10:00:00,AWS-BHO-102,16.8,971.5,62.0,False,,low,46.6,12.84,967.35,76.96,HEALTHY,replay
2025-01-10T11:00:00,AWS-BHO-102,19.2,970.8,55.0,False,,low,43.4,12.93,967.38,76.5,HEALTHY,replay
2025-01-10T12:00:00,AWS-BHO-102,21.0,969.8,51.0,False,,low,31.5,13.03,967.41,76.02,HEALTHY,replay
2025-01-10T13:00:00,AWS-BHO-102,22.2,968.9,48.0,False,,low,16.2,13.13,967.45,75.73,HEALTHY,replay
2025-01-10T14:00:00,AWS-BHO-102,22.8,968.0,44.0,False,,low,19.7,13.23,967.49,75.56,HEALTHY,replay
2025-01-10T15:00:00,AWS-BHO-102,22.9,967.4,43.0,False,,low,16.3,13.32,967.52,75.38,HEALTHY,replay
2025-01-10T16:00:00,AWS-BHO-102,22.2,967.2,48.0,False,,low,10.7,13.42,967.55,75.19,HEALTHY,replay
2025-01-10T17:00:00,AWS-BHO-102,19.5,966.6,62.0,False,,low,37.7,13.51,967.57,75.04,HEALTHY,replay
2025-01-10T18:00:00,AWS-BHO-102,16.8,966.4,76.0,False,,medium,55.6,13.6,967.59,74.79,HEALTHY,replay
2025-01-10T19:00:00,AWS-BHO-102,15.1,966.5,86.0,False,,low,49.3,13.67,967.6,74.71,HEALTHY,replay
2025-01-10T20:00:00,AWS-BHO-102,14.2,967.0,86.0,False,,low,27.0,13.74,967.6,74.73,HEALTHY,replay
2025-01-10T21:00:00,AWS-BHO-102,13.3,967.6,88.0,False,,low,12.1,13.8,967.61,74.73,HEALTHY,replay
2025-01-10T22:00:00,AWS-BHO-102,12.3,967.8,89.0,False,,low,5.9,13.86,967.63,74.75,HEALTHY,replay
2025-01-10T23:00:00,AWS-BHO-102,11.6,967.5,90.0,False,,low,4.3,13.91,967.66,74.75,HEALTHY,replay
2025-01-11T00:00:00,AWS-BHO-102,11.3,967.0,89.0,False,,low,4.1,13.95,967.68,74.75,HEALTHY,replay
2025-01-11T01:00:00,AWS-BHO-102,11.1,966.7,87.0,False,,low,5.0,14.0,967.7,74.71,HEALTHY,replay
2025-01-11T02:00:00,AWS-BHO-102,11.0,966.2,86.0,False,,low,6.1,14.05,967.73,74.62,HEALTHY,replay
2025-01-11T03:00:00,AWS-BHO-102,10.5,965.9,87.0,False,,low,3.1,14.11,967.74,74.54,HEALTHY,replay
2025-01-11T04:00:00,AWS-BHO-102,9.9,965.9,90.0,False,,low,4.3,14.16,967.76,74.44,HEALTHY,replay
2025-01-11T05:00:00,AWS-BHO-102,9.4,965.9,91.0,False,,low,4.6,14.22,967.78,74.33,HEALTHY,replay
2025-01-11T06:00:00,AWS-BHO-102,8.7,966.5,93.0,False,,low,17.0,14.28,967.79,74.25,HEALTHY,replay
2025-01-11T07:00:00,AWS-BHO-102,8.8,967.0,94.0,False,,low,16.3,14.33,967.8,74.25,HEALTHY,replay
2025-01-11T08:00:00,AWS-BHO-102,11.9,968.4,84.0,False,,low,46.7,14.36,967.79,74.27,HEALTHY,replay
2025-01-11T09:00:00,AWS-BHO-102,15.9,969.2,68.0,False,,low,42.3,14.4,967.78,74.21,HEALTHY,replay
2025-01-11T10:00:00,AWS-BHO-102,19.1,969.6,59.0,False,,low,43.0,14.44,967.76,74.0,HEALTHY,replay
2025-01-11T11:00:00,AWS-BHO-102,21.8,969.0,52.0,False,,low,41.1,14.49,967.75,73.83,HEALTHY,replay
2025-01-11T12:00:00,AWS-BHO-102,23.4,967.8,48.0,False,,low,27.4,14.55,967.74,73.77,HEALTHY,replay
2025-01-11T13:00:00,AWS-BHO-102,24.2,966.8,46.0,False,,low,16.1,14.61,967.73,73.77,HEALTHY,replay
2025-01-11T14:00:00,AWS-BHO-102,24.5,965.8,45.0,False,,low,25.0,14.67,967.71,73.77,HEALTHY,replay
2025-01-11T15:00:00,AWS-BHO-102,24.5,965.4,45.0,False,,low,13.9,14.73,967.69,73.79,HEALTHY,replay
2025-01-11T16:00:00,AWS-BHO-102,23.9,965.2,50.0,False,,low,8.5,14.79,967.68,73.77,HEALTHY,replay
2025-01-11T17:00:00,AWS-BHO-102,21.1,964.8,64.0,False,,low,37.3,14.85,967.65,73.69,HEALTHY,replay
2025-01-11T18:00:00,AWS-BHO-102,18.9,964.9,69.0,False,,low,35.7,14.92,967.62,73.62,HEALTHY,replay
2025-01-11T19:00:00,AWS-BHO-102,17.6,965.2,70.0,False,,low,36.4,14.98,967.58,73.52,HEALTHY,replay
2025-01-11T20:00:00,AWS-BHO-102,17.3,965.7,69.0,False,,low,10.0,15.03,967.54,73.44,HEALTHY,replay
2025-01-11T21:00:00,AWS-BHO-102,16.8,966.1,71.0,False,,low,4.7,15.09,967.49,73.31,HEALTHY,replay
2025-01-11T22:00:00,AWS-BHO-102,16.4,966.3,73.0,False,,low,4.3,15.17,967.44,73.1,HEALTHY,replay
2025-01-11T23:00:00,AWS-BHO-102,16.3,966.3,72.0,False,,low,4.4,15.27,967.39,72.81,HEALTHY,replay
2025-01-12T00:00:00,AWS-BHO-102,16.2,965.9,74.0,False,,low,4.4,15.39,967.34,72.5,HEALTHY,replay
2025-01-12T01:00:00,AWS-BHO-102,14.7,965.8,84.0,False,,low,8.5,15.52,967.29,72.23,HEALTHY,replay
2025-01-12T02:00:00,AWS-BHO-102,14.4,965.8,85.0,False,,low,3.4,15.64,967.25,72.17,HEALTHY,replay
2025-01-12T03:00:00,AWS-BHO-102,14.3,965.7,86.0,False,,low,3.7,15.75,967.22,72.15,HEALTHY,replay
2025-01-12T04:00:00,AWS-BHO-102,13.8,965.7,90.0,False,,low,2.5,15.86,967.19,72.15,HEALTHY,replay
2025-01-12T05:00:00,AWS-BHO-102,14.0,966.1,90.0,False,,low,5.5,15.97,967.17,72.21,HEALTHY,replay
2025-01-12T06:00:00,AWS-BHO-102,14.7,966.9,92.0,False,,low,9.1,16.09,967.15,72.27,HEALTHY,replay
2025-01-12T07:00:00,AWS-BHO-102,15.0,967.4,92.0,False,,low,6.8,16.22,967.13,72.42,HEALTHY,replay
2025-01-12T08:00:00,AWS-BHO-102,16.4,968.7,88.0,False,,low,21.8,16.37,967.11,72.44,HEALTHY,replay
2025-01-12T09:00:00,AWS-BHO-102,18.2,969.6,82.0,False,,low,24.4,16.49,967.08,72.56,HEALTHY,replay
2025-01-12T10:00:00,AWS-BHO-102,20.1,969.8,74.0,False,,low,23.4,16.58,967.05,72.77,HEALTHY,replay
2025-01-12T11:00:00,AWS-BHO-102,21.5,969.2,68.0,False,,low,18.1,16.65,967.01,73.02,HEALTHY,replay
2025-01-12T12:00:00,AWS-BHO-102,22.6,968.3,63.0,False,,low,17.3,16.7,966.98,73.29,HEALTHY,replay
2025-01-12T13:00:00,AWS-BHO-102,23.1,967.1,62.0,False,,low,12.1,16.73,966.95,73.54,HEALTHY,replay
2025-01-12T14:00:00,AWS-BHO-102,22.9,966.5,61.0,False,,low,9.4,16.75,966.91,73.83,HEALTHY,replay
2025-01-12T15:00:00,AWS-BHO-102,22.6,966.2,60.0,False,,low,9.8,16.75,966.88,74.19,HEALTHY,replay
2025-01-12T16:00:00,AWS-BHO-102,22.4,966.3,58.0,False,,low,15.0,16.75,966.85,74.54,HEALTHY,replay
2025-01-12T17:00:00,AWS-BHO-102,20.5,966.2,72.0,False,,low,34.8,16.75,966.83,74.75,HEALTHY,replay
2025-01-12T18:00:00,AWS-BHO-102,17.6,967.1,87.0,False,,medium,56.9,16.77,966.82,74.96,HEALTHY,replay
2025-01-12T19:00:00,AWS-BHO-102,16.4,967.5,91.0,False,,low,53.6,16.79,966.84,75.19,HEALTHY,replay
2025-01-12T20:00:00,AWS-BHO-102,15.5,968.3,88.0,False,,low,48.6,16.81,966.86,75.29,HEALTHY,replay
2025-01-12T21:00:00,AWS-BHO-102,14.5,968.8,77.0,False,,low,33.0,16.84,966.89,75.33,HEALTHY,replay
2025-01-12T22:00:00,AWS-BHO-102,13.6,968.9,81.0,False,,low,14.4,16.87,966.91,75.1,HEALTHY,replay
2025-01-12T23:00:00,AWS-BHO-102,12.5,968.4,88.0,False,,low,12.4,16.89,966.94,74.94,HEALTHY,replay
2025-01-13T00:00:00,AWS-BHO-102,11.7,968.0,92.0,False,,low,11.9,16.91,966.95,74.9,HEALTHY,replay
2025-01-13T01:00:00,AWS-BHO-102,11.4,967.7,93.0,False,,low,11.0,16.92,966.97,74.96,HEALTHY,replay
2025-01-13T02:00:00,AWS-BHO-102,10.9,967.3,94.0,False,,low,7.2,16.93,967.0,75.08,HEALTHY,replay
2025-01-13T03:00:00,AWS-BHO-102,10.2,967.2,94.0,False,,low,10.4,16.93,967.02,75.25,HEALTHY,replay
2025-01-13T04:00:00,AWS-BHO-102,9.8,967.2,94.0,False,,low,7.5,16.92,967.05,75.4,HEALTHY,replay
2025-01-13T05:00:00,AWS-BHO-102,9.3,967.4,96.0,False,,low,13.2,16.92,967.07,75.48,HEALTHY,replay
2025-01-13T06:00:00,AWS-BHO-102,8.7,968.1,97.0,False,,low,30.2,16.91,967.1,75.58,HEALTHY,replay
2025-01-13T07:00:00,AWS-BHO-102,9.0,968.8,98.0,False,,low,37.1,16.91,967.14,75.67,HEALTHY,replay
2025-01-13T08:00:00,AWS-BHO-102,11.3,970.0,92.0,False,,low,43.9,16.92,967.18,75.75,HEALTHY,replay
2025-01-13T09:00:00,AWS-BHO-102,13.4,970.5,86.0,False,,low,35.1,16.91,967.21,75.92,HEALTHY,replay
2025-01-13T10:00:00,AWS-BHO-102,15.2,970.6,80.0,False,,low,24.1,16.85,967.24,76.29,HEALTHY,replay
2025-01-13T11:00:00,AWS-BHO-102,16.8,970.0,70.0,False,,low,22.1,16.77,967.26,76.73,HEALTHY,replay
2025-01-13T12:00:00,AWS-BHO-102,17.7,968.6,64.0,False,,low,24.6,16.67,967.28,77.1,HEALTHY,replay
2025-01-13T13:00:00,AWS-BHO-102,18.4,967.3,60.0,False,,low,29.9,16.55,967.29,77.44,HEALTHY,replay
2025-01-13T14:00:00,AWS-BHO-102,18.9,966.6,56.0,False,,low,24.1,16.43,967.3,77.73,HEALTHY,replay
2025-01-13T15:00:00,AWS-BHO-102,18.9,966.3,55.0,False,,low,12.7,16.31,967.32,77.96,HEALTHY,replay
2025-01-13T16:00:00,AWS-BHO-102,18.4,966.3,57.0,False,,low,10.9,16.2,967.34,78.17,HEALTHY,replay
2025-01-13T17:00:00,AWS-BHO-102,16.3,966.3,72.0,False,,low,23.8,16.08,967.36,78.31,HEALTHY,replay
2025-01-13T18:00:00,AWS-BHO-102,14.2,966.9,82.0,False,,low,43.1,15.98,967.39,78.48,HEALTHY,replay
2025-01-13T19:00:00,AWS-BHO-102,13.3,967.1,85.0,False,,low,26.2,15.88,967.44,78.75,HEALTHY,replay
2025-01-13T20:00:00,AWS-BHO-102,12.7,967.5,86.0,False,,low,18.6,15.79,967.48,79.06,HEALTHY,replay
2025-01-13T21:00:00,AWS-BHO-102,11.8,967.6,90.0,False,,low,5.7,15.7,967.51,79.42,HEALTHY,replay
2025-01-13T22:00:00,AWS-BHO-102,10.7,967.6,94.0,False,,low,8.3,15.59,967.54,79.81,HEALTHY,replay
2025-01-13T23:00:00,AWS-BHO-102,10.1,967.3,96.0,False,,low,6.9,15.48,967.57,80.25,HEALTHY,replay
2025-01-14T00:00:00,AWS-BHO-102,9.4,966.8,96.0,False,,low,13.8,15.35,967.59,80.75,HEALTHY,replay
2025-01-14T01:00:00,AWS-BHO-102,8.9,966.8,97.0,False,,low,8.9,15.2,967.61,81.21,HEALTHY,replay
2025-01-14T02:00:00,AWS-BHO-102,8.5,966.2,98.0,False,,low,18.9,15.08,967.63,81.48,HEALTHY,replay
2025-01-14T03:00:00,AWS-BHO-102,8.0,966.0,98.0,False,,low,17.9,14.96,967.64,81.75,HEALTHY,replay
2025-01-14T04:00:00,AWS-BHO-102,7.5,966.0,99.0,False,,low,26.3,14.83,967.65,82.0,HEALTHY,replay
2025-01-14T05:00:00,AWS-BHO-102,7.6,966.4,98.0,False,,low,28.5,14.7,967.65,82.19,HEALTHY,replay
2025-01-14T06:00:00,AWS-BHO-102,7.3,967.7,100.0,False,,low,37.3,14.56,967.66,82.35,HEALTHY,replay
2025-01-14T07:00:00,AWS-BHO-102,7.3,968.6,99.0,False,,low,34.4,14.41,967.68,82.52,HEALTHY,replay
2025-01-14T08:00:00,AWS-BHO-102,8.8,969.5,98.0,False,,low,45.3,14.25,967.7,82.67,HEALTHY,replay
2025-01-14T09:00:00,AWS-BHO-102,12.4,970.4,86.0,False,,low,51.5,14.09,967.72,82.88,HEALTHY,replay
2025-01-14T10:00:00,AWS-BHO-102,16.2,970.8,75.0,False,,low,49.7,13.97,967.73,82.96,HEALTHY,replay
2025-01-14T11:00:00,AWS-BHO-102,18.5,970.3,64.0,False,,low,51.6,13.89,967.75,82.98,HEALTHY,replay
2025-01-14T12:00:00,AWS-BHO-102,19.7,969.0,61.0,False,,low,37.1,13.83,967.78,82.9,HEALTHY,replay
2025-01-14T13:00:00,AWS-BHO-102,20.5,968.0,59.0,False,,low,11.3,13.77,967.79,82.85,HEALTHY,replay
2025-01-14T14:00:00,AWS-BHO-102,20.9,967.0,58.0,False,,low,16.0,13.71,967.81,82.79,HEALTHY,replay
2025-01-14T15:00:00,AWS-BHO-102,21.0,966.7,59.0,False,,low,9.3,13.67,967.82,82.73,HEALTHY,replay
2025-01-14T16:00:00,AWS-BHO-102,20.6,966.9,61.0,False,,low,6.7,13.64,967.83,82.71,HEALTHY,replay
2025-01-14T17:00:00,AWS-BHO-102,18.5,967.1,74.0,False,,low,16.2,13.6,967.84,82.77,HEALTHY,replay
2025-01-14T18:00:00,AWS-BHO-102,16.7,967.4,82.0,False,,low,21.5,13.56,967.86,82.81,HEALTHY,replay
2025-01-14T19:00:00,AWS-BHO-102,15.8,967.9,83.0,False,,low,21.3,13.54,967.87,82.71,HEALTHY,replay
2025-01-14T20:00:00,AWS-BHO-102,15.0,968.4,83.0,False,,low,9.2,13.53,967.88,82.54,HEALTHY,replay
2025-01-14T21:00:00,AWS-BHO-102,14.4,968.6,82.0,False,,low,5.0,13.52,967.88,82.44,HEALTHY,replay
2025-01-14T22:00:00,AWS-BHO-102,13.6,969.0,86.0,False,,low,5.4,13.51,967.88,82.54,HEALTHY,replay
2025-01-14T23:00:00,AWS-BHO-102,12.9,968.7,90.0,False,,low,5.9,13.51,967.88,82.65,HEALTHY,replay
2025-01-15T00:00:00,AWS-BHO-102,12.2,968.6,93.0,False,,low,7.3,13.52,967.88,82.69,HEALTHY,replay
2025-01-15T01:00:00,AWS-BHO-102,11.9,968.5,93.0,False,,low,3.0,13.53,967.9,82.71,HEALTHY,replay
2025-01-15T02:00:00,AWS-BHO-102,11.6,967.5,92.0,False,,low,4.0,13.54,967.91,82.71,HEALTHY,replay
2025-01-15T03:00:00,AWS-BHO-102,11.0,966.8,92.0,False,,low,8.1,13.56,967.92,82.67,HEALTHY,replay
2025-01-15T04:00:00,AWS-BHO-102,10.8,966.9,90.0,False,,low,7.0,13.57,967.91,82.62,HEALTHY,replay
2025-01-15T05:00:00,AWS-BHO-102,10.4,967.2,91.0,False,,low,3.0,13.6,967.9,82.54,HEALTHY,replay
2025-01-15T06:00:00,AWS-BHO-102,10.6,968.0,91.0,False,,low,7.2,13.62,967.9,82.44,HEALTHY,replay
2025-01-15T07:00:00,AWS-BHO-102,10.8,968.4,90.0,False,,low,6.0,13.66,967.9,82.31,HEALTHY,replay
2025-01-15T08:00:00,AWS-BHO-102,13.5,969.2,81.0,False,,low,20.3,13.7,967.89,82.15,HEALTHY,replay
2025-01-15T09:00:00,AWS-BHO-102,16.8,970.0,74.0,False,,low,22.7,13.74,967.87,81.92,HEALTHY,replay
2025-01-15T10:00:00,AWS-BHO-102,19.6,970.3,68.0,False,,low,27.7,13.81,967.86,81.67,HEALTHY,replay
2025-01-15T11:00:00,AWS-BHO-102,21.9,969.8,65.0,False,,low,27.9,13.9,967.85,81.42,HEALTHY,replay
2025-01-15T12:00:00,AWS-BHO-102,23.7,968.6,60.0,False,,low,39.5,14.01,967.85,81.31,HEALTHY,replay
2025-01-15T13:00:00,AWS-BHO-102,24.7,967.7,53.0,False,,low,23.2,14.14,967.85,81.23,HEALTHY,replay
2025-01-15T14:00:00,AWS-BHO-102,24.8,967.0,52.0,False,,low,15.4,14.27,967.86,81.08,HEALTHY,replay
2025-01-15T15:00:00,AWS-BHO-102,24.8,966.3,52.0,False,,low,23.0,14.39,967.87,81.0,HEALTHY,replay
2025-01-15T16:00:00,AWS-BHO-102,24.2,966.1,58.0,False,,low,22.7,14.51,967.87,80.94,HEALTHY,replay
2025-01-15T17:00:00,AWS-BHO-102,21.8,965.7,71.0,False,,low,51.2,14.63,967.86,80.96,HEALTHY,replay
2025-01-15T18:00:00,AWS-BHO-102,19.1,966.6,79.0,False,,low,52.8,14.75,967.85,80.94,HEALTHY,replay
2025-01-15T19:00:00,AWS-BHO-102,18.0,966.9,86.0,False,,low,41.1,14.85,967.84,80.88,HEALTHY,replay
2025-01-15T20:00:00,AWS-BHO-102,17.8,967.3,83.0,False,,low,26.2,14.95,967.84,80.9,HEALTHY,replay
2025-01-15T21:00:00,AWS-BHO-102,16.9,967.4,83.0,False,,low,5.1,15.05,967.84,80.83,HEALTHY,replay
2025-01-15T22:00:00,AWS-BHO-102,15.7,967.7,87.0,False,,low,2.6,15.16,967.83,80.69,HEALTHY,replay
2025-01-15T23:00:00,AWS-BHO-102,15.3,967.4,86.0,False,,low,4.3,15.26,967.83,80.54,HEALTHY,replay
2025-01-16T00:00:00,AWS-BHO-102,15.2,966.8,86.0,False,,low,6.9,15.37,967.84,80.33,HEALTHY,replay
2025-01-16T01:00:00,AWS-BHO-102,15.4,966.6,84.0,False,,low,10.7,15.49,967.84,80.12,HEALTHY,replay
2025-01-16T02:00:00,AWS-BHO-102,15.0,966.3,83.0,False,,low,5.8,15.63,967.83,79.85,HEALTHY,replay
2025-01-16T03:00:00,AWS-BHO-102,15.0,965.8,82.0,False,,low,9.5,15.76,967.83,79.54,HEALTHY,replay
2025-01-16T04:00:00,AWS-BHO-102,14.5,965.4,84.0,False,,low,5.5,15.91,967.83,79.21,HEALTHY,replay
2025-01-16T05:00:00,AWS-BHO-102,14.2,965.6,86.0,False,,low,3.9,16.06,967.82,78.9,HEALTHY,replay
2025-01-16T06:00:00,AWS-BHO-102,13.7,966.9,87.0,False,,low,7.0,16.19,967.8,78.65,HEALTHY,replay
2025-01-16T07:00:00,AWS-BHO-102,14.1,967.8,87.0,False,,low,7.6,16.33,967.78,78.38,HEALTHY,replay
2025-01-16T08:00:00,AWS-BHO-102,15.9,968.6,83.0,False,,low,22.0,16.47,967.77,78.12,HEALTHY,replay
2025-01-16T09:00:00,AWS-BHO-102,17.4,969.6,80.0,False,,low,17.3,16.62,967.75,77.81,HEALTHY,replay
2025-01-16T10:00:00,AWS-BHO-102,18.9,969.9,77.0,False,,low,12.6,16.72,967.73,77.69,HEALTHY,replay
2025-01-16T11:00:00,AWS-BHO-102,20.7,969.9,72.0,False,,low,14.5,16.78,967.71,77.73,HEALTHY,replay
2025-01-16T12:00:00,AWS-BHO-102,21.3,968.9,70.0,False,,low,14.2,16.82,967.7,77.9,HEALTHY,replay
2025-01-16T13:00:00,AWS-BHO-102,22.4,968.1,70.0,False,,low,8.5,16.86,967.7,78.08,HEALTHY,replay
2025-01-16T14:00:00,AWS-BHO-102,23.0,967.7,70.0,False,,low,8.7,16.9,967.7,78.31,HEALTHY,replay
2025-01-16T15:00:00,AWS-BHO-102,22.9,967.5,71.0,False,,low,6.7,16.94,967.72,78.56,HEALTHY,replay
2025-01-16T16:00:00,AWS-BHO-102,20.7,967.8,77.0,False,,low,15.6,16.98,967.74,78.81,HEALTHY,replay
2025-01-16T17:00:00,AWS-BHO-102,19.2,968.1,88.0,False,,low,22.8,16.98,967.75,79.15,HEALTHY,replay
2025-01-16T18:00:00,AWS-BHO-102,18.8,968.8,86.0,False,,low,26.1,17.0,967.77,79.44,HEALTHY,replay
2025-01-16T19:00:00,AWS-BHO-102,18.4,969.4,87.0,False,,low,15.7,17.04,967.8,79.52,HEALTHY,replay
2025-01-16T20:00:00,AWS-BHO-102,17.5,970.2,89.0,False,,low,20.2,17.09,967.84,79.6,HEALTHY,replay
2025-01-16T21:00:00,AWS-BHO-102,16.2,970.6,91.0,False,,low,13.2,17.15,967.87,79.73,HEALTHY,replay
2025-01-16T22:00:00,AWS-BHO-102,15.2,970.9,93.0,False,,low,14.9,17.18,967.91,79.92,HEALTHY,replay
2025-01-16T23:00:00,AWS-BHO-102,14.6,970.7,93.0,False,,low,11.8,17.22,967.95,80.06,HEALTHY,replay
2025-01-17T00:00:00,AWS-BHO-102,13.8,970.4,95.0,False,,low,7.9,17.25,968.0,80.12,HEALTHY,replay
2025-01-17T01:00:00,AWS-BHO-102,13.4,970.1,94.0,False,,low,7.1,17.29,968.03,80.17,HEALTHY,replay
2025-01-17T02:00:00,AWS-BHO-102,12.8,969.5,95.0,False,,low,8.7,17.32,968.07,80.19,HEALTHY,replay
2025-01-17T03:00:00,AWS-BHO-102,12.3,969.1,95.0,False,,low,5.7,17.34,968.11,80.25,HEALTHY,replay
2025-01-17T04:00:00,AWS-BHO-102,11.9,969.0,95.0,False,,low,7.8,17.37,968.16,80.31,HEALTHY,replay
2025-01-17T05:00:00,AWS-BHO-102,11.5,969.4,95.0,False,,low,10.4,17.39,968.2,80.42,HEALTHY,replay
2025-01-17T06:00:00,AWS-BHO-102,11.2,970.1,96.0,False,,low,20.9,17.41,968.25,80.5,HEALTHY,replay
2025-01-17T07:00:00,AWS-BHO-102,11.1,970.5,97.0,False,,low,20.5,17.43,968.29,80.6,HEALTHY,replay
2025-01-17T08:00:00,AWS-BHO-102,12.4,971.0,92.0,False,,low,25.9,17.43,968.33,80.75,HEALTHY,replay
2025-01-17T09:00:00,AWS-BHO-102,14.3,971.5,86.0,False,,low,30.7,17.41,968.37,80.98,HEALTHY,replay
2025-01-17T10:00:00,AWS-BHO-102,16.5,971.4,79.0,False,,low,28.9,17.36,968.4,81.23,HEALTHY,replay
2025-01-17T11:00:00,AWS-BHO-102,18.3,970.6,73.0,False,,low,28.3,17.29,968.43,81.46,HEALTHY,replay
2025-01-17T12:00:00,AWS-BHO-102,19.7,969.3,70.0,False,,low,24.1,17.22,968.44,81.62,HEALTHY,replay
2025-01-17T13:00:00,AWS-BHO-102,20.6,968.3,69.0,False,,low,21.6,17.14,968.46,81.83,HEALTHY,replay
2025-01-17T14:00:00,AWS-BHO-102,20.8,967.4,69.0,False,,low,23.7,17.05,968.47,82.17,HEALTHY,replay
2025-01-17T15:00:00,AWS-BHO-102,20.8,967.1,69.0,False,,low,7.4,16.97,968.48,82.52,HEALTHY,replay
2025-01-17T16:00:00,AWS-BHO-102,20.2,966.8,71.0,False,,low,7.2,16.88,968.49,82.88,HEALTHY,replay
2025-01-17T17:00:00,AWS-BHO-102,18.7,966.9,78.0,False,,low,16.6,16.8,968.51,83.15,HEALTHY,replay
2025-01-17T18:00:00,AWS-BHO-102,16.6,967.4,85.0,False,,low,38.2,16.74,968.53,83.29,HEALTHY,replay
2025-01-17T19:00:00,AWS-BHO-102,15.8,967.9,86.0,False,,low,24.1,16.68,968.55,83.42,HEALTHY,replay
2025-01-17T20:00:00,AWS-BHO-102,15.0,968.4,89.0,False,,low,20.9,16.64,968.57,83.42,HEALTHY,replay
2025-01-17T21:00:00,AWS-BHO-102,14.3,968.6,92.0,False,,low,6.3,16.58,968.59,83.54,HEALTHY,replay
2025-01-17T22:00:00,AWS-BHO-102,13.6,968.7,94.0,False,,low,4.6,16.53,968.62,83.73,HEALTHY,replay
2025-01-17T23:00:00,AWS-BHO-102,13.0,968.2,96.0,False,,low,8.7,16.48,968.64,83.88,HEALTHY,replay
2025-01-18T00:00:00,AWS-BHO-102,12.4,967.9,97.0,False,,low,11.1,16.43,968.66,84.08,HEALTHY,replay
2025-01-18T01:00:00,AWS-BHO-102,11.9,967.3,97.0,False,,low,15.5,16.38,968.68,84.31,HEALTHY,replay
2025-01-18T02:00:00,AWS-BHO-102,11.5,967.2,97.0,False,,low,5.8,16.3,968.69,84.58,HEALTHY,replay
2025-01-18T03:00:00,AWS-BHO-102,11.2,966.9,97.0,False,,low,4.9,16.23,968.71,84.88,HEALTHY,replay
2025-01-18T04:00:00,AWS-BHO-102,10.8,966.9,97.0,False,,low,11.1,16.15,968.74,85.19,HEALTHY,replay
2025-01-18T05:00:00,AWS-BHO-102,10.8,967.1,97.0,True,frozen_value,low,50.3,16.07,968.77,85.46,HEALTHY,replay
2025-01-18T06:00:00,AWS-BHO-102,10.6,968.0,97.0,True,frozen_value,medium,60.4,16.07,968.77,85.46,HEALTHY,replay
2025-01-18T07:00:00,AWS-BHO-102,10.8,968.8,97.0,True,frozen_value,high,70.9,16.07,968.77,85.46,HEALTHY,replay
2025-01-18T08:00:00,AWS-BHO-102,12.6,969.8,92.0,False,,low,39.5,16.07,968.77,85.46,HEALTHY,replay
2025-01-18T09:00:00,AWS-BHO-102,14.8,970.6,86.0,False,,low,44.0,16.04,968.85,85.58,HEALTHY,replay
2025-01-18T10:00:00,AWS-BHO-102,17.3,970.5,80.0,False,,low,42.1,16.06,968.93,85.56,HEALTHY,replay
2025-01-18T11:00:00,AWS-BHO-102,19.7,970.1,74.0,False,,low,28.1,16.13,968.99,85.42,HEALTHY,replay
2025-01-18T12:00:00,AWS-BHO-102,21.3,968.8,69.0,False,,low,26.5,16.21,969.02,85.23,HEALTHY,replay
2025-01-18T13:00:00,AWS-BHO-102,22.4,967.8,67.0,False,,low,21.6,16.29,969.0,85.0,HEALTHY,replay
2025-01-18T14:00:00,AWS-BHO-102,23.0,966.9,65.0,False,,low,21.3,16.36,968.96,84.79,HEALTHY,replay
2025-01-18T15:00:00,AWS-BHO-102,23.1,966.2,64.0,False,,low,27.3,16.41,968.9,84.65,HEALTHY,replay
2025-01-18T16:00:00,AWS-BHO-102,22.8,966.0,65.0,False,,low,15.1,16.45,968.84,84.52,HEALTHY,replay
2025-01-18T17:00:00,AWS-BHO-102,20.7,965.7,77.0,False,,low,27.0,16.46,968.8,84.42,HEALTHY,replay
2025-01-18T18:00:00,AWS-BHO-102,18.5,966.2,86.0,False,,low,30.7,16.41,968.75,84.56,HEALTHY,replay
2025-01-18T19:00:00,AWS-BHO-102,17.3,966.5,89.0,False,,low,14.8,16.32,968.73,84.88,HEALTHY,replay
2025-01-18T20:00:00,AWS-BHO-102,16.0,967.4,91.0,False,,low,18.2,16.25,968.7,85.12,HEALTHY,replay
2025-01-18T21:00:00,AWS-BHO-102,15.1,967.6,93.0,False,,low,6.0,16.18,968.69,85.19,HEALTHY,replay
2025-01-18T22:00:00,AWS-BHO-102,14.5,967.8,94.0,False,,low,3.0,16.1,968.66,85.33,HEALTHY,replay
2025-01-18T23:00:00,AWS-BHO-102,13.7,967.3,96.0,False,,low,3.1,16.02,968.63,85.48,HEALTHY,replay
2025-01-19T00:00:00,AWS-BHO-102,13.1,966.9,97.0,False,,low,2.2,15.94,968.57,85.62,HEALTHY,replay
2025-01-19T01:00:00,AWS-BHO-102,12.7,966.7,98.0,False,,low,2.9,15.88,968.49,85.75,HEALTHY,replay
2025-01-19T02:00:00,AWS-BHO-102,12.1,966.2,100.0,False,,low,4.6,15.83,968.4,85.85,HEALTHY,replay
2025-01-19T03:00:00,AWS-BHO-102,11.3,965.9,100.0,False,,low,9.6,15.77,968.31,86.0,HEALTHY,replay
2025-01-19T04:00:00,AWS-BHO-102,11.0,965.8,100.0,False,,low,8.1,15.72,968.21,86.1,HEALTHY,replay
2025-01-19T05:00:00,AWS-BHO-102,10.9,966.0,99.0,False,,low,8.0,15.67,968.12,86.23,HEALTHY,replay
2025-01-19T06:00:00,AWS-BHO-102,10.0,966.9,100.0,False,,low,32.8,15.63,968.05,86.31,HEALTHY,replay
2025-01-19T07:00:00,AWS-BHO-102,10.0,967.3,100.0,False,,low,15.3,15.58,968.01,86.42,HEALTHY,replay
2025-01-19T08:00:00,AWS-BHO-102,12.2,968.2,99.0,False,,low,30.8,15.54,967.97,86.52,HEALTHY,replay
2025-01-19T09:00:00,AWS-BHO-102,16.0,969.6,90.0,False,,low,45.9,15.56,967.95,86.6,HEALTHY,replay
2025-01-19T10:00:00,AWS-BHO-102,19.6,970.3,75.0,False,,low,54.5,15.66,967.94,86.48,HEALTHY,replay
2025-01-19T11:00:00,AWS-BHO-102,21.9,970.0,65.0,False,,low,51.5,15.84,967.93,86.02,HEALTHY,replay
2025-01-19T12:00:00,AWS-BHO-102,23.3,969.0,58.0,False,,low,46.5,16.03,967.91,85.46,HEALTHY,replay
2025-01-19T13:00:00,AWS-BHO-102,24.1,968.2,53.0,False,,low,22.1,16.22,967.86,84.88,HEALTHY,replay
2025-01-19T14:00:00,AWS-BHO-102,24.4,967.4,49.0,False,,low,13.4,16.38,967.79,84.33,HEALTHY,replay
2025-01-19T15:00:00,AWS-BHO-102,24.1,966.8,49.0,False,,low,10.6,16.51,967.73,83.83,HEALTHY,replay
2025-01-19T16:00:00,AWS-BHO-102,23.2,966.4,55.0,False,,low,10.6,16.6,967.67,83.4,HEALTHY,replay
2025-01-19T17:00:00,AWS-BHO-102,20.6,965.8,69.0,False,,low,48.6,16.65,967.63,83.1,HEALTHY,replay
2025-01-19T18:00:00,AWS-BHO-102,19.0,966.0,67.0,False,,low,32.0,16.65,967.6,83.1,HEALTHY,replay
2025-01-19T19:00:00,AWS-BHO-102,17.6,966.3,74.0,False,,low,23.1,16.61,967.58,83.06,HEALTHY,replay
2025-01-19T20:00:00,AWS-BHO-102,16.6,966.6,78.0,False,,low,13.1,16.56,967.57,83.12,HEALTHY,replay
2025-01-19T21:00:00,AWS-BHO-102,15.9,966.6,80.0,False,,low,12.0,16.51,967.56,83.12,HEALTHY,replay
2025-01-19T22:00:00,AWS-BHO-102,14.9,966.5,84.0,False,,low,16.8,16.5,967.54,83.02,HEALTHY,replay
2025-01-19T23:00:00,AWS-BHO-102,13.5,966.3,89.0,False,,low,20.3,16.48,967.51,82.98,HEALTHY,replay
2025-01-20T00:00:00,AWS-BHO-102,13.2,965.9,89.0,False,,low,8.5,16.45,967.47,82.98,HEALTHY,replay
2025-01-20T01:00:00,AWS-BHO-102,13.2,965.3,88.0,False,,low,9.6,16.43,967.41,82.92,HEALTHY,replay
2025-01-20T02:00:00,AWS-BHO-102,13.0,965.0,88.0,False,,low,4.0,16.42,967.34,82.79,HEALTHY,replay
2025-01-20T03:00:00,AWS-BHO-102,12.8,964.7,88.0,False,,low,5.0,16.42,967.28,82.62,HEALTHY,replay
2025-01-20T04:00:00,AWS-BHO-102,12.4,964.5,90.0,False,,low,5.0,16.43,967.21,82.44,HEALTHY,replay
2025-01-20T05:00:00,AWS-BHO-102,11.8,964.7,92.0,False,,low,4.3,16.44,967.15,82.29,HEALTHY,replay
2025-01-20T06:00:00,AWS-BHO-102,11.4,965.6,94.0,False,,low,9.1,16.44,967.1,82.19,HEALTHY,replay
2025-01-20T07:00:00,AWS-BHO-102,11.4,966.2,95.0,False,,low,9.7,16.45,967.07,82.12,HEALTHY,replay
2025-01-20T08:00:00,AWS-BHO-102,13.9,967.4,90.0,False,,low,41.0,16.46,967.06,82.08,HEALTHY,replay
2025-01-20T09:00:00,AWS-BHO-102,17.5,968.5,80.0,False,,low,34.8,16.49,967.01,82.04,HEALTHY,replay
2025-01-20T10:00:00,AWS-BHO-102,20.6,968.9,72.0,False,,low,35.5,16.54,966.96,81.92,HEALTHY,replay
2025-01-20T11:00:00,AWS-BHO-102,22.8,968.6,60.0,False,,low,42.9,16.61,966.93,81.75,HEALTHY,replay
2025-01-20T12:00:00,AWS-BHO-102,23.9,967.8,53.0,False,,low,18.8,16.68,966.9,81.46,HEALTHY,replay
2025-01-20T13:00:00,AWS-BHO-102,24.4,966.8,50.0,False,,low,16.5,16.73,966.88,81.12,HEALTHY,replay
2025-01-20T14:00:00,AWS-BHO-102,24.5,965.9,50.0,False,,low,9.5,16.77,966.86,80.77,HEALTHY,replay
2025-01-20T15:00:00,AWS-BHO-102,24.3,965.5,52.0,False,,low,11.8,16.8,966.84,80.46,HEALTHY,replay
2025-01-20T16:00:00,AWS-BHO-102,23.5,965.3,56.0,False,,low,10.3,16.83,966.82,80.21,HEALTHY,replay
2025-01-20T17:00:00,AWS-BHO-102,21.0,964.9,72.0,False,,low,38.1,16.84,966.81,80.02,HEALTHY,replay
2025-01-20T18:00:00,AWS-BHO-102,19.4,964.7,72.0,False,,low,37.9,16.85,966.79,79.92,HEALTHY,replay
2025-01-20T19:00:00,AWS-BHO-102,18.7,965.2,73.0,False,,low,21.0,16.87,966.76,79.62,HEALTHY,replay
2025-01-20T20:00:00,AWS-BHO-102,17.9,965.5,75.0,False,,low,2.9,16.9,966.73,79.29,HEALTHY,replay
2025-01-20T21:00:00,AWS-BHO-102,16.9,965.6,79.0,False,,low,2.8,16.94,966.69,78.96,HEALTHY,replay
2025-01-20T22:00:00,AWS-BHO-102,16.2,965.6,82.0,False,,low,2.1,16.97,966.65,78.67,HEALTHY,replay
2025-01-20T23:00:00,AWS-BHO-102,15.6,965.2,84.0,False,,low,2.6,17.01,966.61,78.42,HEALTHY,replay
2025-01-21T00:00:00,AWS-BHO-102,14.5,964.7,89.0,False,,low,3.9,17.05,966.56,78.17,HEALTHY,replay
2025-01-21T01:00:00,AWS-BHO-102,13.5,964.0,93.0,False,,low,8.1,17.08,966.52,78.0,HEALTHY,replay
2025-01-21T02:00:00,AWS-BHO-102,13.1,963.4,94.0,False,,low,8.5,17.09,966.46,77.9,HEALTHY,replay
2025-01-21T03:00:00,AWS-BHO-102,12.3,963.2,96.0,False,,low,8.3,17.11,966.4,77.77,HEALTHY,replay
2025-01-21T04:00:00,AWS-BHO-102,11.6,963.0,99.0,False,,low,11.5,17.14,966.35,77.69,HEALTHY,replay
2025-01-21T05:00:00,AWS-BHO-102,11.1,962.9,100.0,False,,low,12.1,17.15,966.29,77.67,HEALTHY,replay
2025-01-21T06:00:00,AWS-BHO-102,10.7,963.9,100.0,False,,low,14.8,17.15,966.22,77.69,HEALTHY,replay
2025-01-21T07:00:00,AWS-BHO-102,10.9,964.8,100.0,False,,low,17.7,17.17,966.16,77.69,HEALTHY,replay
2025-01-21T08:00:00,AWS-BHO-102,13.9,966.1,93.0,False,,low,47.3,17.19,966.11,77.69,HEALTHY,replay
2025-01-21T09:00:00,AWS-BHO-102,17.6,967.1,83.0,False,,low,36.6,17.22,966.06,77.56,HEALTHY,replay
2025-01-21T10:00:00,AWS-BHO-102,20.8,967.7,69.0,False,,low,53.1,17.25,966.01,77.42,HEALTHY,replay
2025-01-21T11:00:00,AWS-BHO-102,23.0,967.2,58.0,False,,low,38.0,17.28,965.96,77.29,HEALTHY,replay
2025-01-21T12:00:00,AWS-BHO-102,24.2,966.3,53.0,False,,low,20.8,17.3,965.9,77.15,HEALTHY,replay
2025-01-21T13:00:00,AWS-BHO-102,24.9,965.5,50.0,False,,low,10.2,17.32,965.84,77.04,HEALTHY,replay
2025-01-21T14:00:00,AWS-BHO-102,25.1,964.4,48.0,False,,low,15.3,17.34,965.79,76.98,HEALTHY,replay
2025-01-21T15:00:00,AWS-BHO-102,24.9,964.0,48.0,False,,low,12.2,17.35,965.73,76.96,HEALTHY,replay
2025-01-21T16:00:00,AWS-BHO-102,24.2,963.8,50.0,False,,low,8.0,17.37,965.67,76.94,HEALTHY,replay
2025-01-21T17:00:00,AWS-BHO-102,21.6,963.4,64.0,False,,low,31.1,17.39,965.61,76.83,HEALTHY,replay
2025-01-21T18:00:00,AWS-BHO-102,19.8,963.5,64.0,False,,low,20.8,17.41,965.56,76.73,HEALTHY,replay
2025-01-21T19:00:00,AWS-BHO-102,18.3,963.9,70.0,False,,low,17.1,17.43,965.51,76.67,HEALTHY,replay
2025-01-21T20:00:00,AWS-BHO-102,17.6,964.3,75.0,False,,low,4.4,17.44,965.46,76.58,HEALTHY,replay
2025-01-21T21:00:00,AWS-BHO-102,16.8,964.5,79.0,False,,low,6.2,17.46,965.41,76.52,HEALTHY,replay
2025-01-21T22:00:00,AWS-BHO-102,15.8,964.4,84.0,False,,low,2.4,17.48,965.37,76.5,HEALTHY,replay
2025-01-21T23:00:00,AWS-BHO-102,14.5,963.7,89.0,False,,low,7.0,17.5,965.32,76.5,HEALTHY,replay
2025-01-22T00:00:00,AWS-BHO-102,14.1,963.2,88.0,False,,low,3.0,17.52,965.27,76.5,HEALTHY,replay
2025-01-22T01:00:00,AWS-BHO-102,13.6,962.9,90.0,False,,low,2.7,17.54,965.21,76.48,HEALTHY,replay
2025-01-22T02:00:00,AWS-BHO-102,13.2,962.4,92.0,False,,low,2.2,17.55,965.16,76.52,HEALTHY,replay
2025-01-22T03:00:00,AWS-BHO-102,13.1,962.3,92.0,False,,low,3.0,17.55,965.11,76.6,HEALTHY,replay
2025-01-22T04:00:00,AWS-BHO-102,13.2,962.3,90.0,False,,low,4.9,17.56,965.06,76.69,HEALTHY,replay
2025-01-22T05:00:00,AWS-BHO-102,12.7,962.4,92.0,False,,low,3.0,17.57,965.01,76.69,HEALTHY,replay
2025-01-22T06:00:00,AWS-BHO-102,12.5,963.4,95.0,False,,low,8.5,17.59,964.97,76.69,HEALTHY,replay
2025-01-22T07:00:00,AWS-BHO-102,12.5,964.1,96.0,False,,low,8.3,17.62,964.92,76.71,HEALTHY,replay
2025-01-22T08:00:00,AWS-BHO-102,15.3,965.4,88.0,False,,low,39.4,17.64,964.88,76.73,HEALTHY,replay
2025-01-22T09:00:00,AWS-BHO-102,18.6,966.7,76.0,False,,low,32.7,17.67,964.84,76.69,HEALTHY,replay
2025-01-22T10:00:00,AWS-BHO-102,21.5,966.9,67.0,False,,low,28.2,17.69,964.8,76.6,HEALTHY,replay
2025-01-22T11:00:00,AWS-BHO-102,23.9,966.4,58.0,False,,low,20.0,17.71,964.76,76.5,HEALTHY,replay
2025-01-22T12:00:00,AWS-BHO-102,25.5,965.4,51.0,False,,low,23.0,17.73,964.71,76.46,HEALTHY,replay
2025-01-22T13:00:00,AWS-BHO-102,26.3,964.2,46.0,False,,low,22.2,17.77,964.66,76.42,HEALTHY,replay
2025-01-22T14:00:00,AWS-BHO-102,26.5,963.4,45.0,False,,low,12.3,17.81,964.61,76.33,HEALTHY,replay
2025-01-22T15:00:00,AWS-BHO-102,26.4,962.9,45.0,False,,low,13.4,17.85,964.55,76.23,HEALTHY,replay
2025-01-22T16:00:00,AWS-BHO-102,26.0,962.8,46.0,False,,low,5.6,17.89,964.5,76.08,HEALTHY,replay
2025-01-22T17:00:00,AWS-BHO-102,24.1,962.5,61.0,False,,low,21.7,17.94,964.45,75.88,HEALTHY,replay
2025-01-22T18:00:00,AWS-BHO-102,20.9,962.9,72.0,False,,low,47.9,18.01,964.4,75.65,HEALTHY,replay
2025-01-22T19:00:00,AWS-BHO-102,19.3,963.3,75.0,False,,low,28.8,18.04,964.36,75.65,HEALTHY,replay
2025-01-22T20:00:00,AWS-BHO-102,18.3,963.8,77.0,False,,low,13.5,18.05,964.32,75.69,HEALTHY,replay
2025-01-22T21:00:00,AWS-BHO-102,17.2,964.0,83.0,False,,low,9.4,18.06,964.29,75.73,HEALTHY,replay
2025-01-22T22:00:00,AWS-BHO-102,16.1,964.1,88.0,False,,low,9.6,18.07,964.25,75.81,HEALTHY,replay
2025-01-22T23:00:00,AWS-BHO-102,15.4,963.8,90.0,False,,low,2.5,18.06,964.22,75.94,HEALTHY,replay
2025-01-23T00:00:00,AWS-BHO-102,14.8,963.6,91.0,False,,low,1.5,18.06,964.19,76.06,HEALTHY,replay
2025-01-23T01:00:00,AWS-BHO-102,14.5,963.4,91.0,False,,low,1.0,18.07,964.17,76.1,HEALTHY,replay
2025-01-23T02:00:00,AWS-BHO-102,13.9,962.5,92.0,False,,low,2.5,18.09,964.16,76.06,HEALTHY,replay
2025-01-23T03:00:00,AWS-BHO-102,13.5,961.9,92.0,False,,low,3.5,18.1,964.14,76.02,HEALTHY,replay
2025-01-23T04:00:00,AWS-BHO-102,13.3,961.9,92.0,False,,low,3.1,18.13,964.11,75.94,HEALTHY,replay
2025-01-23T05:00:00,AWS-BHO-102,13.2,962.0,91.0,False,,low,2.5,18.16,964.09,75.79,HEALTHY,replay
2025-01-23T06:00:00,AWS-BHO-102,13.7,963.1,91.0,False,,low,6.8,18.21,964.07,75.6,HEALTHY,replay
2025-01-23T07:00:00,AWS-BHO-102,14.2,963.8,91.0,False,,low,6.4,18.27,964.05,75.42,HEALTHY,replay
2025-01-23T08:00:00,AWS-BHO-102,16.9,965.0,82.0,False,,low,24.2,18.34,964.03,75.23,HEALTHY,replay
2025-01-23T09:00:00,AWS-BHO-102,20.0,966.3,73.0,False,,low,27.5,18.4,964.01,75.0,HEALTHY,replay
2025-01-23T10:00:00,AWS-BHO-102,22.9,966.8,64.0,False,,low,33.2,18.45,963.99,74.79,HEALTHY,replay
2025-01-23T11:00:00,AWS-BHO-102,25.2,966.3,55.0,False,,low,22.2,18.5,963.97,74.69,HEALTHY,replay
2025-01-23T12:00:00,AWS-BHO-102,26.7,965.3,46.0,False,,low,24.8,18.54,963.95,74.62,HEALTHY,replay
2025-01-23T13:00:00,AWS-BHO-102,27.3,964.3,43.0,False,,low,17.5,18.59,963.93,74.48,HEALTHY,replay
2025-01-23T14:00:00,AWS-BHO-102,27.5,963.6,43.0,False,,low,9.9,18.64,963.91,74.33,HEALTHY,replay
2025-01-23T15:00:00,AWS-BHO-102,27.5,963.2,42.0,False,,low,10.2,18.69,963.89,74.23,HEALTHY,replay
2025-01-23T16:00:00,AWS-BHO-102,27.1,963.0,45.0,False,,low,6.0,18.75,963.88,74.1,HEALTHY,replay
2025-01-23T17:00:00,AWS-BHO-102,25.4,962.9,58.0,False,,low,16.8,18.81,963.86,74.0,HEALTHY,replay
2025-01-23T18:00:00,AWS-BHO-102,22.1,963.0,67.0,False,,low,43.4,18.89,963.85,73.88,HEALTHY,replay
2025-01-23T19:00:00,AWS-BHO-102,20.8,963.4,73.0,False,,low,25.4,18.94,963.84,73.94,HEALTHY,replay
2025-01-23T20:00:00,AWS-BHO-102,19.7,964.2,76.0,False,,low,23.3,18.99,963.83,74.0,HEALTHY,replay
2025-01-23T21:00:00,AWS-BHO-102,19.8,965.0,73.0,False,,low,15.2,19.03,963.82,74.02,HEALTHY,replay
2025-01-23T22:00:00,AWS-BHO-102,18.9,965.2,76.0,False,,low,6.4,19.09,963.84,73.9,HEALTHY,replay
2025-01-23T23:00:00,AWS-BHO-102,17.9,965.3,80.0,False,,low,3.0,19.16,963.85,73.73,HEALTHY,replay
2025-01-24T00:00:00,AWS-BHO-102,16.8,965.0,86.0,False,,low,5.6,19.23,963.89,73.54,HEALTHY,replay
2025-01-24T01:00:00,AWS-BHO-102,16.0,964.7,92.0,False,,low,4.8,19.29,963.92,73.5,HEALTHY,replay
2025-01-24T02:00:00,AWS-BHO-102,15.4,964.2,95.0,False,,low,1.5,19.34,963.96,73.54,HEALTHY,replay
2025-01-24T03:00:00,AWS-BHO-102,15.0,964.2,96.0,False,,low,1.4,19.38,964.0,73.6,HEALTHY,replay
2025-01-24T04:00:00,AWS-BHO-102,14.5,964.2,96.0,False,,low,1.5,19.42,964.04,73.69,HEALTHY,replay
2025-01-24T05:00:00,AWS-BHO-102,14.1,964.5,96.0,False,,low,2.1,19.45,964.08,73.81,HEALTHY,replay
2025-01-24T06:00:00,AWS-BHO-102,13.9,965.3,95.0,False,,low,6.9,19.48,964.12,73.9,HEALTHY,replay
2025-01-24T07:00:00,AWS-BHO-102,13.9,965.8,93.0,False,,low,7.5,19.51,964.16,73.9,HEALTHY,replay
2025-01-24T08:00:00,AWS-BHO-102,15.4,966.9,85.0,False,,low,22.1,19.54,964.2,73.83,HEALTHY,replay
2025-01-24T09:00:00,AWS-BHO-102,17.4,967.8,77.0,False,,low,15.3,19.54,964.23,73.77,HEALTHY,replay
2025-01-24T10:00:00,AWS-BHO-102,19.5,968.1,70.0,False,,low,21.8,19.51,964.25,73.79,HEALTHY,replay
2025-01-24T11:00:00,AWS-BHO-102,21.2,967.6,65.0,False,,low,15.4,19.47,964.28,73.85,HEALTHY,replay
2025-01-24T12:00:00,AWS-BHO-102,22.4,966.7,62.0,False,,low,10.1,19.41,964.3,74.0,HEALTHY,replay
2025-01-24T13:00:00,AWS-BHO-102,23.1,965.7,59.0,False,,low,9.1,19.35,964.33,74.23,HEALTHY,replay
2025-01-24T14:00:00,AWS-BHO-102,23.5,964.9,58.0,False,,low,4.4,19.28,964.36,74.5,HEALTHY,replay
2025-01-24T15:00:00,AWS-BHO-102,23.4,964.5,57.0,False,,low,4.1,19.22,964.39,74.77,HEALTHY,replay
2025-01-24T16:00:00,AWS-BHO-102,22.9,964.4,56.0,False,,low,3.4,19.16,964.42,75.02,HEALTHY,replay
2025-01-24T17:00:00,AWS-BHO-102,21.5,964.7,60.0,False,,low,7.6,19.09,964.46,75.23,HEALTHY,replay
2025-01-24T18:00:00,AWS-BHO-102,19.5,965.3,68.0,False,,low,21.7,19.04,964.5,75.21,HEALTHY,replay
2025-01-24T19:00:00,AWS-BHO-102,18.5,965.8,67.0,False,,low,17.0,19.01,964.55,75.12,HEALTHY,replay
2025-01-24T20:00:00,AWS-BHO-102,17.4,966.2,66.0,False,,low,9.0,18.99,964.6,74.96,HEALTHY,replay
2025-01-24T21:00:00,AWS-BHO-102,16.2,966.5,71.0,False,,low,6.0,18.98,964.65,74.73,HEALTHY,replay
2025-01-24T22:00:00,AWS-BHO-102,15.2,966.6,75.0,False,,low,4.4,18.95,964.71,74.48,HEALTHY,replay
2025-01-24T23:00:00,AWS-BHO-102,14.0,966.1,79.0,False,,low,6.8,18.94,964.76,74.21,HEALTHY,replay
2025-01-25T00:00:00,AWS-BHO-102,13.1,965.6,83.0,False,,low,6.3,18.91,964.81,73.98,HEALTHY,replay
2025-01-25T01:00:00,AWS-BHO-102,12.3,965.3,87.0,False,,low,10.8,18.87,964.85,73.81,HEALTHY,replay
2025-01-25T02:00:00,AWS-BHO-102,11.8,964.8,89.0,False,,low,5.3,18.82,964.89,73.73,HEALTHY,replay
2025-01-25T03:00:00,AWS-BHO-102,11.4,964.5,90.0,False,,low,2.7,18.78,964.94,73.67,HEALTHY,replay
2025-01-25T04:00:00,AWS-BHO-102,10.9,964.3,91.0,False,,low,3.8,18.74,964.99,73.62,HEALTHY,replay
2025-01-25T05:00:00,AWS-BHO-102,10.4,964.4,92.0,False,,low,5.2,18.69,965.04,73.6,HEALTHY,replay
2025-01-25T06:00:00,AWS-BHO-102,10.3,965.4,94.0,False,,low,13.8,18.63,965.09,73.62,HEALTHY,replay
2025-01-25T07:00:00,AWS-BHO-102,10.6,966.0,92.0,False,,low,8.1,18.56,965.14,73.69,HEALTHY,replay
2025-01-25T08:00:00,AWS-BHO-102,13.1,967.0,81.0,False,,low,29.3,18.48,965.18,73.71,HEALTHY,replay
2025-01-25T09:00:00,AWS-BHO-102,16.2,968.1,68.0,False,,low,40.0,18.4,965.23,73.69,HEALTHY,replay
2025-01-25T10:00:00,AWS-BHO-102,19.0,968.4,56.0,False,,low,37.6,18.32,965.26,73.58,HEALTHY,replay
2025-01-25T11:00:00,AWS-BHO-102,21.0,968.0,49.0,False,,low,31.8,18.24,965.3,73.42,HEALTHY,replay
2025-01-25T12:00:00,AWS-BHO-102,22.2,967.2,47.0,False,,low,14.2,18.16,965.33,73.29,HEALTHY,replay
2025-01-25T13:00:00,AWS-BHO-102,23.0,966.3,46.0,False,,low,6.2,18.06,965.37,73.31,HEALTHY,replay
2025-01-25T14:00:00,AWS-BHO-102,23.3,965.4,47.0,False,,low,5.4,17.97,965.41,73.38,HEALTHY,replay
2025-01-25T15:00:00,AWS-BHO-102,23.3,965.1,48.0,False,,low,2.7,17.89,965.45,73.46,HEALTHY,replay
2025-01-25T16:00:00,AWS-BHO-102,22.7,965.0,50.0,False,,low,2.5,17.8,965.49,73.58,HEALTHY,replay
2025-01-25T17:00:00,AWS-BHO-102,21.0,965.0,59.0,False,,low,8.7,17.71,965.53,73.69,HEALTHY,replay
2025-01-25T18:00:00,AWS-BHO-102,19.4,965.2,63.0,False,,low,10.8,17.61,965.57,73.71,HEALTHY,replay
2025-01-25T19:00:00,AWS-BHO-102,17.6,965.4,69.0,False,,low,20.9,17.56,965.62,73.62,HEALTHY,replay
2025-01-25T20:00:00,AWS-BHO-102,16.7,965.7,73.0,False,,low,9.0,17.49,965.66,73.54,HEALTHY,replay
2025-01-25T21:00:00,AWS-BHO-102,15.3,965.7,81.0,False,,low,17.7,17.43,965.69,73.48,HEALTHY,replay
2025-01-25T22:00:00,AWS-BHO-102,14.6,965.9,84.0,False,,low,6.4,17.34,965.71,73.65,HEALTHY,replay
2025-01-25T23:00:00,AWS-BHO-102,13.3,965.6,89.0,False,,low,5.8,17.25,965.72,73.81,HEALTHY,replay
2025-01-26T00:00:00,AWS-BHO-102,12.6,965.1,91.0,False,,low,3.4,17.15,965.73,74.0,HEALTHY,replay
2025-01-26T01:00:00,AWS-BHO-102,12.2,964.6,91.0,False,,low,3.1,17.06,965.73,74.1,HEALTHY,replay
2025-01-26T02:00:00,AWS-BHO-102,11.7,964.1,92.0,False,,low,3.6,16.98,965.73,74.08,HEALTHY,replay
2025-01-26T03:00:00,AWS-BHO-102,11.2,963.7,92.0,False,,low,3.5,16.91,965.73,74.02,HEALTHY,replay
2025-01-26T04:00:00,AWS-BHO-102,10.6,963.4,92.0,False,,low,11.6,16.83,965.72,73.94,HEALTHY,replay
2025-01-26T05:00:00,AWS-BHO-102,10.0,963.7,90.0,False,,low,12.8,16.75,965.7,73.85,HEALTHY,replay
2025-01-26T06:00:00,AWS-BHO-102,9.8,964.7,93.0,False,,low,17.2,16.66,965.68,73.73,HEALTHY,replay
2025-01-26T07:00:00,AWS-BHO-102,9.9,965.5,89.0,False,,low,19.6,16.57,965.67,73.69,HEALTHY,replay
2025-01-26T08:00:00,AWS-BHO-102,12.1,966.8,79.0,False,,low,34.7,16.49,965.66,73.6,HEALTHY,replay
2025-01-26T09:00:00,AWS-BHO-102,15.1,968.0,67.0,False,,low,47.5,16.42,965.66,73.48,HEALTHY,replay
2025-01-26T10:00:00,AWS-BHO-102,18.3,968.6,57.0,False,,low,43.2,16.38,965.67,73.27,HEALTHY,replay
2025-01-26T11:00:00,AWS-BHO-102,20.9,968.0,50.0,False,,low,31.8,16.35,965.68,73.0,HEALTHY,replay
2025-01-26T12:00:00,AWS-BHO-102,22.5,967.0,45.0,False,,low,18.0,16.34,965.69,72.69,HEALTHY,replay
2025-01-26T13:00:00,AWS-BHO-102,23.4,965.8,43.0,False,,low,7.4,16.35,965.69,72.33,HEALTHY,replay
2025-01-26T14:00:00,AWS-BHO-102,23.9,964.9,43.0,False,,low,6.7,16.35,965.69,72.0,HEALTHY,replay
2025-01-26T15:00:00,AWS-BHO-102,23.7,964.3,46.0,False,,low,5.8,16.36,965.69,71.69,HEALTHY,replay
2025-01-26T16:00:00,AWS-BHO-102,22.9,963.9,48.0,False,,low,4.7,16.37,965.69,71.46,HEALTHY,replay
2025-01-26T17:00:00,AWS-BHO-102,20.8,963.8,57.0,False,,low,12.3,16.37,965.68,71.29,HEALTHY,replay
2025-01-26T18:00:00,AWS-BHO-102,18.4,963.4,63.0,False,,low,31.0,16.35,965.66,71.23,HEALTHY,replay
2025-01-26T19:00:00,AWS-BHO-102,17.0,964.0,68.0,False,,low,19.0,16.33,965.62,71.12,HEALTHY,replay
2025-01-26T20:00:00,AWS-BHO-102,15.5,964.2,73.0,False,,low,9.6,16.3,965.58,71.15,HEALTHY,replay
2025-01-26T21:00:00,AWS-BHO-102,14.4,964.4,74.0,False,,low,3.8,16.26,965.54,71.29,HEALTHY,replay
2025-01-26T22:00:00,AWS-BHO-102,13.2,964.4,71.0,False,,low,3.0,16.22,965.5,71.35,HEALTHY,replay
2025-01-26T23:00:00,AWS-BHO-102,11.9,964.0,73.0,False,,low,5.7,16.18,965.45,71.27,HEALTHY,replay
2025-01-27T00:00:00,AWS-BHO-102,11.4,963.5,77.0,False,,low,3.4,16.14,965.41,71.15,HEALTHY,replay
2025-01-27T01:00:00,AWS-BHO-102,11.2,963.1,79.0,False,,low,3.9,16.1,965.36,71.02,HEALTHY,replay
2025-01-27T02:00:00,AWS-BHO-102,10.4,962.7,83.0,False,,low,6.3,16.08,965.32,70.85,HEALTHY,replay
2025-01-27T03:00:00,AWS-BHO-102,9.7,962.5,86.0,False,,low,7.2,16.05,965.27,70.73,HEALTHY,replay
2025-01-27T04:00:00,AWS-BHO-102,9.0,962.6,89.0,False,,low,10.9,16.01,965.23,70.65,HEALTHY,replay
2025-01-27T05:00:00,AWS-BHO-102,8.4,962.6,93.0,False,,low,10.8,15.97,965.2,70.6,HEALTHY,replay
2025-01-27T06:00:00,AWS-BHO-102,8.2,963.4,96.0,False,,low,25.7,15.93,965.16,70.62,HEALTHY,replay
2025-01-27T07:00:00,AWS-BHO-102,8.5,964.0,95.0,False,,low,15.5,15.89,965.12,70.67,HEALTHY,replay
2025-01-27T08:00:00,AWS-BHO-102,11.1,965.2,84.0,False,,low,36.4,15.84,965.08,70.73,HEALTHY,replay
2025-01-27T09:00:00,AWS-BHO-102,14.7,966.3,71.0,False,,low,46.5,15.8,965.04,70.79,HEALTHY,replay
2025-01-27T10:00:00,AWS-BHO-102,18.3,966.7,61.0,False,,low,42.3,15.77,965.0,70.85,HEALTHY,replay
2025-01-27T11:00:00,AWS-BHO-102,21.1,966.2,51.0,False,,low,34.3,15.76,964.97,70.96,HEALTHY,replay
2025-01-27T12:00:00,AWS-BHO-102,22.7,965.0,44.0,False,,low,21.9,15.76,964.93,71.0,HEALTHY,replay
2025-01-27T13:00:00,AWS-BHO-102,23.5,963.9,40.0,False,,low,17.7,15.77,964.88,70.94,HEALTHY,replay
2025-01-27T14:00:00,AWS-BHO-102,23.7,963.1,39.0,False,,low,8.4,15.78,964.83,70.81,HEALTHY,replay
2025-01-27T15:00:00,AWS-BHO-102,23.4,962.7,39.0,False,,low,5.7,15.79,964.79,70.65,HEALTHY,replay
2025-01-27T16:00:00,AWS-BHO-102,22.6,962.6,40.0,False,,low,3.8,15.79,964.74,70.46,HEALTHY,replay
2025-01-27T17:00:00,AWS-BHO-102,20.2,962.5,61.0,False,,low,26.9,15.79,964.69,70.25,HEALTHY,replay
2025-01-27T18:00:00,AWS-BHO-102,18.6,962.4,58.0,False,,low,23.9,15.77,964.63,70.29,HEALTHY,replay
2025-01-27T19:00:00,AWS-BHO-102,17.7,962.6,59.0,False,,low,9.6,15.75,964.58,70.19,HEALTHY,replay
2025-01-27T20:00:00,AWS-BHO-102,17.0,963.1,60.0,False,,low,5.1,15.76,964.52,69.98,HEALTHY,replay
2025-01-27T21:00:00,AWS-BHO-102,16.0,963.4,63.0,False,,low,2.1,15.76,964.46,69.71,HEALTHY,replay
2025-01-27T22:00:00,AWS-BHO-102,14.6,963.3,69.0,False,,low,3.6,15.78,964.41,69.33,HEALTHY,replay
2025-01-27T23:00:00,AWS-BHO-102,12.6,962.8,79.0,False,,low,20.3,15.78,964.36,69.02,HEALTHY,replay
2025-01-28T00:00:00,AWS-BHO-102,11.8,962.0,83.0,False,,low,17.3,15.76,964.3,68.81,HEALTHY,replay
2025-01-28T01:00:00,AWS-BHO-102,11.0,961.6,86.0,False,,low,11.7,15.75,964.24,68.65,HEALTHY,replay
2025-01-28T02:00:00,AWS-BHO-102,10.6,961.1,87.0,False,,low,3.7,15.72,964.18,68.54,HEALTHY,replay
2025-01-28T03:00:00,AWS-BHO-102,10.1,960.9,88.0,False,,low,3.1,15.7,964.11,68.44,HEALTHY,replay
2025-01-28T04:00:00,AWS-BHO-102,9.4,961.0,91.0,False,,low,6.3,15.68,964.05,68.35,HEALTHY,replay
2025-01-28T05:00:00,AWS-BHO-102,8.4,961.1,93.0,False,,low,8.4,15.65,964.0,68.33,HEALTHY,replay
2025-01-28T06:00:00,AWS-BHO-102,8.6,962.2,91.0,False,,low,16.9,15.62,963.95,68.4,HEALTHY,replay
2025-01-28T07:00:00,AWS-BHO-102,8.8,963.0,91.0,False,,low,11.0,15.59,963.9,68.35,HEALTHY,replay
2025-01-28T08:00:00,AWS-BHO-102,11.6,964.4,80.0,False,,low,41.4,15.57,963.85,68.4,HEALTHY,replay
2025-01-28T09:00:00,AWS-BHO-102,15.4,965.7,69.0,False,,low,42.4,15.56,963.8,68.42,HEALTHY,replay
2025-01-28T10:00:00,AWS-BHO-102,19.1,966.3,57.0,False,,low,46.7,15.56,963.75,68.46,HEALTHY,replay
2025-01-28T11:00:00,AWS-BHO-102,21.7,966.0,48.0,False,,low,31.3,15.58,963.7,68.46,HEALTHY,replay
2025-01-28T12:00:00,AWS-BHO-102,23.2,965.1,45.0,False,,low,14.3,15.6,963.66,68.42,HEALTHY,replay
2025-01-28T13:00:00,AWS-BHO-102,24.1,964.4,41.0,False,,low,7.6,15.61,963.62,68.42,HEALTHY,replay
2025-01-28T14:00:00,AWS-BHO-102,24.6,963.6,38.0,False,,low,7.7,15.63,963.59,68.38,HEALTHY,replay
2025-01-28T15:00:00,AWS-BHO-102,24.5,963.2,39.0,False,,low,6.0,15.64,963.56,68.27,HEALTHY,replay
2025-01-28T16:00:00,AWS-BHO-102,23.9,962.9,42.0,False,,low,4.8,15.66,963.54,68.12,HEALTHY,replay
2025-01-28T17:00:00,AWS-BHO-102,21.2,962.8,59.0,False,,low,33.9,15.68,963.52,68.0,HEALTHY,replay
2025-01-28T18:00:00,AWS-BHO-102,19.1,962.8,61.0,False,,low,32.5,15.69,963.5,68.04,HEALTHY,replay
2025-01-28T19:00:00,AWS-BHO-102,17.5,963.3,67.0,False,,low,34.0,15.7,963.49,68.0,HEALTHY,replay
2026-09-11T17:30:00+00:00,AWS-BHO-102,24.6,959.6,95.0,False,,low,0.0,,,,HEALTHY,live
2026-09-11T17:45:00+00:00,AWS-BHO-102,24.5,959.5,95.0,False,,low,0.0,24.6,959.6,95.0,HEALTHY,live
2026-09-11T18:00:00+00:00,AWS-BHO-102,24.4,959.4,95.0,False,,low,0.0,24.5,959.5,95.0,HEALTHY,live
2026-09-12T05:45:00+00:00,AWS-BHO-102,27.9,960.4,76.0,False,,low,0.0,,,,HEALTHY,live
2026-09-12T06:00:00+00:00,AWS-BHO-102,27.9,960.2,76.0,False,,low,0.0,27.9,960.4,76.0,HEALTHY,live
2026-09-12T06:15:00+00:00,AWS-BHO-102,28.0,960.0,75.0,False,,low,0.0,,,,HEALTHY,live
2026-09-12T06:30:00+00:00,AWS-BHO-102,28.5,959.0,73.0,False,,low,0.0,28.0,960.0,75.0,HEALTHY,live
2026-09-17T16:45:00+00:00,AWS-BHO-102,24.4,962.8,93.0,False,,low,0.0,,,,HEALTHY,live
2026-09-17T17:00:00+00:00,AWS-BHO-102,24.3,962.7,94.0,False,,low,0.0,24.4,962.8,93.0,HEALTHY,live
2026-09-17T17:30:00+00:00,AWS-BHO-102,24.2,962.3,94.0,False,,low,0.0,24.3,962.7,94.0,HEALTHY,live
